Year	Year awarded	Author(s)	Author Wikipedia Entry	Won/Nominated	Work	Work Wikipedia Entry	Publisher or publication	Publisher or publication Wikipedia Entry
1955	1955	Russell, Eric Frank	https://en.wikipedia.org/wiki/Eric_Frank_Russell	Won	"Allamagoosa"	https://en.wikipedia.org/wiki/Allamagoosa	Astounding Science-Fiction	https://en.wikipedia.org/wiki/Analog_Science_Fiction_and_Fact
1956	1956	Clarke, Arthur C.	https://en.wikipedia.org/wiki/Arthur_C._Clarke	Won	"The Star"	https://en.wikipedia.org/wiki/The_Star_(Clarke_short_story)	Infinity Science Fiction	https://en.wikipedia.org/wiki/Infinity_Science_Fiction
1958	1958	Davidson, Avram	https://en.wikipedia.org/wiki/Avram_Davidson	Won	"Or All the Seas with Oysters"	https://en.wikipedia.org/wiki/Or_All_the_Seas_with_Oysters	Galaxy Science Fiction	https://en.wikipedia.org/wiki/Galaxy_Science_Fiction
1959	1959	Bloch, Robert	https://en.wikipedia.org/wiki/Robert_Bloch	Won	"That Hell-Bound Train"	https://en.wikipedia.org/wiki/That_Hell-Bound_Train	The Magazine of Fantasy & Science Fiction	https://en.wikipedia.org/wiki/The_Magazine_of_Fantasy_%26_Science_Fiction
1959	1959	Baker, Anton Lee		Nominated	"They've Been Working On..."		Astounding Science-Fiction	https://en.wikipedia.org/wiki/Analog_Science_Fiction_and_Fact
1959	1959	Bester, Alfred	https://en.wikipedia.org/wiki/Alfred_Bester	Nominated	"The Men Who Murdered Mohammed"	https://en.wikipedia.org/wiki/The_Men_Who_Murdered_Mohammed	The Magazine of Fantasy & Science Fiction	https://en.wikipedia.org/wiki/The_Magazine_of_Fantasy_%26_Science_Fiction
1959	1959	Bone, J. F.		Nominated	"Triggerman"		Astounding Science-Fiction	https://en.wikipedia.org/wiki/Analog_Science_Fiction_and_Fact
1959	1959	Budrys, Algis	https://en.wikipedia.org/wiki/Algis_Budrys	Nominated	"The Edge of the Sea"		Venture Science Fiction	https://en.wikipedia.org/wiki/Venture_Science_Fiction
1959	1959	Kornbluth, C. M.	https://en.wikipedia.org/wiki/Cyril_M._Kornbluth	Nominated	"The Advent on Channel Twelve"		Star Science Fiction Stories #4 (Ballantine Books)	https://en.wikipedia.org/wiki/Ballantine_Books
1959	1959	Kornbluth, C. M.	https://en.wikipedia.org/wiki/Cyril_M._Kornbluth	Nominated	"Theory of Rocketry"		The Magazine of Fantasy & Science Fiction	https://en.wikipedia.org/wiki/The_Magazine_of_Fantasy_%26_Science_Fiction
1959	1959	Leiber, Fritz	https://en.wikipedia.org/wiki/Fritz_Leiber	Nominated	"Rump-Titty-Titty-Tum-Tah-Tee"		The Magazine of Fantasy & Science Fiction	https://en.wikipedia.org/wiki/The_Magazine_of_Fantasy_%26_Science_Fiction
1959	1959	Mullen, Stanley	https://en.wikipedia.org/wiki/Stanley_Mullen	Nominated	"Space to Swing a Cat"		Astounding Science-Fiction	https://en.wikipedia.org/wiki/Analog_Science_Fiction_and_Fact
1959	1959	Wellman, Manly Wade	https://en.wikipedia.org/wiki/Manly_Wade_Wellman	Nominated	"Nine Yards of Other Cloth"		The Magazine of Fantasy & Science Fiction	https://en.wikipedia.org/wiki/The_Magazine_of_Fantasy_%26_Science_Fiction
1960	1960	Keyes, Daniel	https://en.wikipedia.org/wiki/Daniel_Keyes	Won	"Flowers for Algernon"	https://en.wikipedia.org/wiki/Flowers_for_Algernon	The Magazine of Fantasy & Science Fiction	https://en.wikipedia.org/wiki/The_Magazine_of_Fantasy_%26_Science_Fiction
1960	1960	Farmer, Philip José	https://en.wikipedia.org/wiki/Philip_Jos%C3%A9_Farmer	Nominated	"The Alley Man"	https://en.wikipedia.org/wiki/The_Alley_Man	The Magazine of Fantasy & Science Fiction	https://en.wikipedia.org/wiki/The_Magazine_of_Fantasy_%26_Science_Fiction
1960	1960	Bester, Alfred	https://en.wikipedia.org/wiki/Alfred_Bester	Nominated	"The Pi Man"		The Magazine of Fantasy & Science Fiction	https://en.wikipedia.org/wiki/The_Magazine_of_Fantasy_%26_Science_Fiction
1960	1960	Sturgeon, Theodore	https://en.wikipedia.org/wiki/Theodore_Sturgeon	Nominated	"The Man Who Lost the Sea"		The Magazine of Fantasy & Science Fiction	https://en.wikipedia.org/wiki/The_Magazine_of_Fantasy_%26_Science_Fiction
1960	1960	Williams, Ralph		Nominated	"Cat and Mouse"		Astounding Science-Fiction	https://en.wikipedia.org/wiki/Analog_Science_Fiction_and_Fact
1961	1961	Anderson, Poul	https://en.wikipedia.org/wiki/Poul_Anderson	Won	"The Longest Voyage"	https://en.wikipedia.org/wiki/The_Longest_Voyage	Analog Science Fact & Fiction	https://en.wikipedia.org/wiki/Analog_Science_Fiction_and_Fact
1961	1961	Ashwell, Pauline	https://en.wikipedia.org/wiki/Pauline_Ashwell	Nominated	"The Lost Kafoozalum"		Analog Science Fact & Fiction	https://en.wikipedia.org/wiki/Analog_Science_Fiction_and_Fact
1961	1961	Farmer, Philip José	https://en.wikipedia.org/wiki/Philip_Jos%C3%A9_Farmer	Nominated	"Open to Me, My Sister" (aka. "My Sister's Brother")		The Magazine of Fantasy & Science Fiction	https://en.wikipedia.org/wiki/The_Magazine_of_Fantasy_%26_Science_Fiction
1961	1961	Sturgeon, Theodore	https://en.wikipedia.org/wiki/Theodore_Sturgeon	Nominated	"Need"		Beyond Fantasy Fiction	https://en.wikipedia.org/wiki/Beyond_Fantasy_Fiction
1962	1962	Aldiss, Brian	https://en.wikipedia.org/wiki/Brian_Aldiss	Won	"Hothouse"	https://en.wikipedia.org/wiki/Hothouse_(novel)	The Magazine of Fantasy & Science Fiction	https://en.wikipedia.org/wiki/The_Magazine_of_Fantasy_%26_Science_Fiction
1962	1962	Biggle, Jr., Lloyd	https://en.wikipedia.org/wiki/Lloyd_Biggle,_Jr.	Nominated	"Monument"		Analog Science Fact & Fiction	https://en.wikipedia.org/wiki/Analog_Science_Fiction_and_Fact
1962	1962	Leiber, Fritz	https://en.wikipedia.org/wiki/Fritz_Leiber	Nominated	"Scylla's Daughter"	https://en.wikipedia.org/wiki/The_Swords_of_Lankhmar	Fantastic	https://en.wikipedia.org/wiki/Fantastic_(magazine)
1962	1962	Reynolds, Mack	https://en.wikipedia.org/wiki/Mack_Reynolds	Nominated	"Status Quo"		Analog Science Fact & Fiction	https://en.wikipedia.org/wiki/Analog_Science_Fiction_and_Fact
1962	1962	Schmitz, James H.	https://en.wikipedia.org/wiki/James_H._Schmitz	Nominated	"Lion Loose"		Analog Science Fact & Fiction	https://en.wikipedia.org/wiki/Analog_Science_Fiction_and_Fact
1963	1963	Vance, Jack	https://en.wikipedia.org/wiki/Jack_Vance	Won	"The Dragon Masters"	https://en.wikipedia.org/wiki/The_Dragon_Masters	Galaxy Science Fiction	https://en.wikipedia.org/wiki/Galaxy_Science_Fiction
1963	1963	Jennings, Gary	https://en.wikipedia.org/wiki/Gary_Jennings	Nominated	"Myrrha"		The Magazine of Fantasy & Science Fiction	https://en.wikipedia.org/wiki/The_Magazine_of_Fantasy_%26_Science_Fiction
1963	1963	Leiber, Fritz	https://en.wikipedia.org/wiki/Fritz_Leiber	Nominated	"The Unholy Grail"		Fantastic	https://en.wikipedia.org/wiki/Fantastic_(magazine)
1963	1963	Sturgeon, Theodore	https://en.wikipedia.org/wiki/Theodore_Sturgeon	Nominated	"When You Care, When You Love"		The Magazine of Fantasy & Science Fiction	https://en.wikipedia.org/wiki/The_Magazine_of_Fantasy_%26_Science_Fiction
1963	1963	Swann, Thomas Burnett	https://en.wikipedia.org/wiki/Thomas_Burnett_Swann	Nominated	"Where Is the Bird of Fire?"		Science Fantasy	https://en.wikipedia.org/wiki/Science_Fantasy_(magazine)
1964	1964	Anderson, Poul	https://en.wikipedia.org/wiki/Poul_Anderson	Won	"No Truce with Kings"	https://en.wikipedia.org/wiki/No_Truce_with_Kings	The Magazine of Fantasy & Science Fiction	https://en.wikipedia.org/wiki/The_Magazine_of_Fantasy_%26_Science_Fiction
1964	1964	Raphael, Rick		Nominated	"Code Three"		Analog Science Fact & Fiction	https://en.wikipedia.org/wiki/Analog_Science_Fiction_and_Fact
1964	1964	Zelazny, Roger	https://en.wikipedia.org/wiki/Roger_Zelazny	Nominated	"A Rose for Ecclesiastes"	https://en.wikipedia.org/wiki/A_Rose_for_Ecclesiastes	The Magazine of Fantasy & Science Fiction	https://en.wikipedia.org/wiki/The_Magazine_of_Fantasy_%26_Science_Fiction
1964	1964	Burroughs, Edgar Rice	https://en.wikipedia.org/wiki/Edgar_Rice_Burroughs	Nominated	"Savage Pellucidar"	https://en.wikipedia.org/wiki/Savage_Pellucidar	Amazing Stories	https://en.wikipedia.org/wiki/Amazing_Stories
1965	1965	Dickson, Gordon R.	https://en.wikipedia.org/wiki/Gordon_R._Dickson	Won	"Soldier, Ask Not"	https://en.wikipedia.org/wiki/Soldier,_Ask_Not	Galaxy Science Fiction	https://en.wikipedia.org/wiki/Galaxy_Science_Fiction
1965	1965	Raphael, Rick		Nominated	"Once a Cop"		Analog Science Fact & Fiction	https://en.wikipedia.org/wiki/Analog_Science_Fiction_and_Fact
1965	1965	Young, Robert F.	https://en.wikipedia.org/wiki/Robert_F._Young	Nominated	"Little Dog Gone"		Worlds of Tomorrow	https://en.wikipedia.org/wiki/Worlds_of_Tomorrow_(magazine)
1966	1966	Ellison, Harlan	https://en.wikipedia.org/wiki/Harlan_Ellison	Won	""Repent, Harlequin!" Said the Ticktockman"	https://en.wikipedia.org/wiki/%22Repent,_Harlequin!%22_Said_the_Ticktockman	Galaxy Science Fiction	https://en.wikipedia.org/wiki/Galaxy_Science_Fiction
1966	1966	Anderson, Poul	https://en.wikipedia.org/wiki/Poul_Anderson	Nominated	"Marque and Reprisal"		The Magazine of Fantasy & Science Fiction	https://en.wikipedia.org/wiki/The_Magazine_of_Fantasy_%26_Science_Fiction
1966	1966	Farmer, Philip José	https://en.wikipedia.org/wiki/Philip_Jos%C3%A9_Farmer	Nominated	"Day of the Great Shout"	https://en.wikipedia.org/wiki/To_Your_Scattered_Bodies_Go	Worlds of Tomorrow	https://en.wikipedia.org/wiki/Worlds_of_Tomorrow_(magazine)
1966	1966	Leiber, Fritz	https://en.wikipedia.org/wiki/Fritz_Leiber	Nominated	"Stardock"		Fantastic	https://en.wikipedia.org/wiki/Fantastic_(magazine)
1966	1966	Zelazny, Roger	https://en.wikipedia.org/wiki/Roger_Zelazny	Nominated	"The Doors of His Face, The Lamps of His Mouth"		The Magazine of Fantasy & Science Fiction	https://en.wikipedia.org/wiki/The_Magazine_of_Fantasy_%26_Science_Fiction
1967	1967	Niven, Larry	https://en.wikipedia.org/wiki/Larry_Niven	Won	"Neutron Star"	https://en.wikipedia.org/wiki/Neutron_Star_(short_story)	If	https://en.wikipedia.org/wiki/If_(magazine)
1967	1967	Aldiss, Brian	https://en.wikipedia.org/wiki/Brian_Aldiss	Nominated	"Man In His Time"		Who Can Replace a Man? (Signet Books)	https://en.wikipedia.org/wiki/Signet_Books
1967	1967	Ellison, Harlan	https://en.wikipedia.org/wiki/Harlan_Ellison	Nominated	"Delusions for a Dragon Slayer"		Knight
1967	1967	Jones, Raymond F.	https://en.wikipedia.org/wiki/Raymond_F._Jones	Nominated	"Rat Race"		Analog Science Fact & Fiction	https://en.wikipedia.org/wiki/Analog_Science_Fiction_and_Fact
1967	1967	McKenna, Richard	https://en.wikipedia.org/wiki/Richard_McKenna	Nominated	"The Secret Place"		Orbit #1 (Putnam Publishing Group)	https://en.wikipedia.org/wiki/Orbit_(anthology_series)#Orbit_1
1967	1967	Saberhagen, Fred	https://en.wikipedia.org/wiki/Fred_Saberhagen	Nominated	"Mr. Jester"		If	https://en.wikipedia.org/wiki/If_(magazine)
1967	1967	Shaw, Bob	https://en.wikipedia.org/wiki/Bob_Shaw	Nominated	"Light of Other Days"	https://en.wikipedia.org/wiki/Light_of_Other_Days	Analog Science Fact & Fiction	https://en.wikipedia.org/wiki/Analog_Science_Fiction_and_Fact
1967	1967	Zelazny, Roger	https://en.wikipedia.org/wiki/Roger_Zelazny	Nominated	"Comes Now the Power"		Magazine of Horror
1968	1968	Ellison, Harlan	https://en.wikipedia.org/wiki/Harlan_Ellison	Won	"I Have No Mouth, and I Must Scream"	https://en.wikipedia.org/wiki/I_Have_No_Mouth,_and_I_Must_Scream	If	https://en.wikipedia.org/wiki/If_(magazine)
1968	1968	Niven, Larry	https://en.wikipedia.org/wiki/Larry_Niven	Nominated	"The Jigsaw Man"	https://en.wikipedia.org/wiki/The_Jigsaw_Man	Dangerous Visions (Doubleday)	https://en.wikipedia.org/wiki/Dangerous_Visions
1968	1968	Delany, Samuel R.	https://en.wikipedia.org/wiki/Samuel_R._Delany	Nominated	"Aye, and Gomorrah"	https://en.wikipedia.org/wiki/Aye,_and_Gomorrah	Dangerous Visions (Doubleday)	https://en.wikipedia.org/wiki/Dangerous_Visions
1969	1969	Ellison, Harlan	https://en.wikipedia.org/wiki/Harlan_Ellison	Won	"The Beast that Shouted Love at the Heart of the World"	https://en.wikipedia.org/wiki/The_Beast_that_Shouted_Love_at_the_Heart_of_the_World_(short_story)	Galaxy Science Fiction	https://en.wikipedia.org/wiki/Galaxy_Science_Fiction
1969	1969	Niven, Larry	https://en.wikipedia.org/wiki/Larry_Niven	Nominated	"All the Myriad Ways"		Galaxy Science Fiction	https://en.wikipedia.org/wiki/Galaxy_Science_Fiction
1969	1969	Carr, Terry	https://en.wikipedia.org/wiki/Terry_Carr	Nominated	"The Dance of the Changer and the Three"		The Farthest Reaches	https://en.wikipedia.org/wiki/Pocket_Books
1969	1969	Curtis, Betsy		Nominated	"The Steiger Effect"		Analog Science Fact & Fiction	https://en.wikipedia.org/wiki/Analog_Science_Fiction_and_Fact
1969	1969	Knight, Damon	https://en.wikipedia.org/wiki/Damon_Knight	Nominated	"Masks"		Playboy	https://en.wikipedia.org/wiki/Playboy
1970	1970	Delany, Samuel R.	https://en.wikipedia.org/wiki/Samuel_R._Delany	Won	"Time Considered as a Helix of Semi-Precious Stones"	https://en.wikipedia.org/wiki/Time_Considered_as_a_Helix_of_Semi-Precious_Stones	New Worlds	https://en.wikipedia.org/wiki/New_Worlds_(magazine)
1970	1970	Silverberg, Robert	https://en.wikipedia.org/wiki/Robert_Silverberg	Nominated	"Passengers"	https://en.wikipedia.org/wiki/Passengers_(story)	Orbit #4 (Putnam Publishing Group)	https://en.wikipedia.org/wiki/Orbit_(anthology_series)#Orbit_4
1970	1970	Niven, Larry	https://en.wikipedia.org/wiki/Larry_Niven	Nominated	"Not Long Before the End"		The Magazine of Fantasy & Science Fiction	https://en.wikipedia.org/wiki/The_Magazine_of_Fantasy_%26_Science_Fiction
1970	1970	Benford, Gregory	https://en.wikipedia.org/wiki/Gregory_Benford	Nominated	"Deeper than the Darkness"		The Magazine of Fantasy & Science Fiction	https://en.wikipedia.org/wiki/The_Magazine_of_Fantasy_%26_Science_Fiction
1970	1970	Le Guin, Ursula K.	https://en.wikipedia.org/wiki/Ursula_K._Le_Guin	Nominated	"Winter's King"	https://en.wikipedia.org/wiki/Winter%27s_King	Orbit #5 (Putnam Publishing Group)	https://en.wikipedia.org/wiki/Orbit_(anthology_series)#Orbit_5
1971	1971	Sturgeon, Theodore	https://en.wikipedia.org/wiki/Theodore_Sturgeon	Won	"Slow Sculpture"	https://en.wikipedia.org/wiki/Slow_Sculpture	Galaxy Science Fiction	https://en.wikipedia.org/wiki/Galaxy_Science_Fiction
1971	1971	Lafferty, R. A.	https://en.wikipedia.org/wiki/R._A._Lafferty	Nominated	"Continued on Next Rock"		Orbit #7 (Putnam Publishing Group)	https://en.wikipedia.org/wiki/Orbit_(anthology_series)#Orbit_7
1971	1971	Dickson, Gordon R.	https://en.wikipedia.org/wiki/Gordon_R._Dickson	Nominated	"Jean Duprès"		Nova #1 (Delacorte Press)	https://en.wikipedia.org/wiki/Dell_Publishing
1971	1971	Laumer, Keith	https://en.wikipedia.org/wiki/Keith_Laumer	Nominated	"In the Queue"		Orbit #7 (Putnam Publishing Group)	https://en.wikipedia.org/wiki/Orbit_(anthology_series)#Orbit_7
1971	1971	Bova, Ben	https://en.wikipedia.org/wiki/Ben_Bova	Nominated	"Brillo"		Analog Science Fact & Fiction	https://en.wikipedia.org/wiki/Analog_Science_Fiction_and_Fact
1972	1972	Niven, Larry	https://en.wikipedia.org/wiki/Larry_Niven	Won	"Inconstant Moon"	https://en.wikipedia.org/wiki/Inconstant_Moon	All the Myriad Ways (Ballantine Books)	https://en.wikipedia.org/wiki/All_the_Myriad_Ways
1972	1972	Le Guin, Ursula K.	https://en.wikipedia.org/wiki/Ursula_K._Le_Guin	Nominated	"Vaster than Empires and More Slow"		New Dimensions #1 (Doubleday)	https://en.wikipedia.org/wiki/Doubleday_(publisher)
1972	1972	Simak, Clifford D.	https://en.wikipedia.org/wiki/Clifford_D._Simak	Nominated	"The Autumn Land"		The Magazine of Fantasy & Science Fiction	https://en.wikipedia.org/wiki/The_Magazine_of_Fantasy_%26_Science_Fiction
1972	1972	Tall, Stephen	https://en.wikipedia.org/wiki/Stephen_Tall	Nominated	"The Bear with the Knot on His Tail"		The Magazine of Fantasy & Science Fiction	https://en.wikipedia.org/wiki/The_Magazine_of_Fantasy_%26_Science_Fiction
1972	1972	Lafferty, R. A.	https://en.wikipedia.org/wiki/R._A._Lafferty	Nominated	"Sky"		New Dimensions #1 (Doubleday)	https://en.wikipedia.org/wiki/Doubleday_(publisher)
1972	1972	Effinger, George Alec	https://en.wikipedia.org/wiki/George_Alec_Effinger	Nominated	"All the Last Wars at Once"		Universe #1 (Bantam Spectra)	https://en.wikipedia.org/wiki/Bantam_Spectra
1973	1973	Lafferty, R. A.	https://en.wikipedia.org/wiki/R._A._Lafferty	Won	"Eurema's Dam"	https://en.wikipedia.org//w/index.php?title=Eurema%27s_Dam&action=edit&redlink=1	New Dimensions #2 (Doubleday)	https://en.wikipedia.org/wiki/Doubleday_(publisher)
1973	1973	Pohl, Frederik	https://en.wikipedia.org/wiki/Frederik_Pohl	Won	"The Meeting"	https://en.wikipedia.org//w/index.php?title=The_Meeting_(short_story)&action=edit&redlink=1	The Magazine of Fantasy & Science Fiction	https://en.wikipedia.org/wiki/The_Magazine_of_Fantasy_%26_Science_Fiction
1973	1973	Silverberg, Robert	https://en.wikipedia.org/wiki/Robert_Silverberg	Nominated	"When We Went to See the End of the World"		Universe #2 (Bantam Spectra)	https://en.wikipedia.org/wiki/Bantam_Spectra
1973	1973	Tiptree, Jr., James	https://en.wikipedia.org/wiki/James_Tiptree,_Jr.	Nominated	"And I Awoke and Found Me Here on the Cold Hill's Side"	https://en.wikipedia.org/wiki/And_I_Awoke_and_Found_Me_Here_on_the_Cold_Hill%27s_Side	The Magazine of Fantasy & Science Fiction	https://en.wikipedia.org/wiki/The_Magazine_of_Fantasy_%26_Science_Fiction
1973	1973	Russ, Joanna	https://en.wikipedia.org/wiki/Joanna_Russ	Nominated	"When It Changed"	https://en.wikipedia.org/wiki/When_It_Changed	Again, Dangerous Visions (Doubleday)	https://en.wikipedia.org/wiki/Again,_Dangerous_Visions
1974	1974	Le Guin, Ursula K.	https://en.wikipedia.org/wiki/Ursula_K._Le_Guin	Won	"The Ones Who Walk Away from Omelas"	https://en.wikipedia.org/wiki/The_Ones_Who_Walk_Away_from_Omelas	New Dimensions #3 (Doubleday)	https://en.wikipedia.org/wiki/Doubleday_(publisher)
1974	1974	Martin, George R. R.	https://en.wikipedia.org/wiki/George_R._R._Martin	Nominated	"With Morning Comes Mistfall"	https://en.wikipedia.org/wiki/With_Morning_Comes_Mistfall	Analog Science Fact & Fiction	https://en.wikipedia.org/wiki/Analog_Science_Fiction_and_Fact
1974	1974	Simak, Clifford D.	https://en.wikipedia.org/wiki/Clifford_D._Simak	Nominated	"Construction Shack"		If	https://en.wikipedia.org/wiki/If_(magazine)
1974	1974	McIntyre, Vonda N.	https://en.wikipedia.org/wiki/Vonda_N._McIntyre	Nominated	"Wings"		The Alien Condition	https://en.wikipedia.org/wiki/Ballantine_Books
1975	1975	Niven, Larry	https://en.wikipedia.org/wiki/Larry_Niven	Won	"The Hole Man"	https://en.wikipedia.org/wiki/The_Hole_Man	Analog Science Fact & Fiction	https://en.wikipedia.org/wiki/Analog_Science_Fiction_and_Fact
1975	1975	Bester, Alfred	https://en.wikipedia.org/wiki/Alfred_Bester	Nominated	"The Four-Hour Fugue"	https://en.wikipedia.org/wiki/The_Four-Hour_Fugue	Analog Science Fact & Fiction	https://en.wikipedia.org/wiki/Analog_Science_Fiction_and_Fact
1975	1975	Bishop, Michael	https://en.wikipedia.org/wiki/Michael_Bishop_(author)	Nominated	"Cathadonian Odyssey"		The Magazine of Fantasy & Science Fiction	https://en.wikipedia.org/wiki/The_Magazine_of_Fantasy_%26_Science_Fiction
1975	1975	Le Guin, Ursula K.	https://en.wikipedia.org/wiki/Ursula_K._Le_Guin	Nominated	"The Day Before the Revolution"	https://en.wikipedia.org/wiki/The_Day_Before_the_Revolution	Galaxy Science Fiction	https://en.wikipedia.org/wiki/Galaxy_Science_Fiction
1975	1975	Silverberg, Robert	https://en.wikipedia.org/wiki/Robert_Silverberg	Nominated	"Schwartz Between the Galaxies"		Stellar #1 (Ballantine Books)	https://en.wikipedia.org/wiki/Ballantine_Books
1976	1976	Leiber, Fritz	https://en.wikipedia.org/wiki/Fritz_Leiber	Won	"Catch That Zeppelin!"	https://en.wikipedia.org//w/index.php?title=Catch_That_Zeppelin!&action=edit&redlink=1	The Magazine of Fantasy & Science Fiction	https://en.wikipedia.org/wiki/The_Magazine_of_Fantasy_%26_Science_Fiction
1976	1976	Ellison, Harlan	https://en.wikipedia.org/wiki/Harlan_Ellison	Nominated	"Croatoan"	https://en.wikipedia.org/wiki/Croatoan_(Ellison)	The Magazine of Fantasy & Science Fiction	https://en.wikipedia.org/wiki/The_Magazine_of_Fantasy_%26_Science_Fiction
1976	1976	Plauger, P. J.	https://en.wikipedia.org/wiki/P._J._Plauger	Nominated	"Child of All Ages"		Analog Science Fact & Fiction	https://en.wikipedia.org/wiki/Analog_Science_Fiction_and_Fact
1976	1976	Lupoff, Richard A.	https://en.wikipedia.org/wiki/Richard_A._Lupoff	Nominated	"Sail the Tide of Mourning"	https://en.wikipedia.org/wiki/Space_War_Blues	New Dimensions #5 (Doubleday)	https://en.wikipedia.org/wiki/Doubleday_(publisher)
1976	1976	Bishop, Michael	https://en.wikipedia.org/wiki/Michael_Bishop_(author)	Nominated	"Rogue Tomato"		New Dimensions #5 (Doubleday)	https://en.wikipedia.org/wiki/Doubleday_(publisher)
1976	1976	Benford, Gregory	https://en.wikipedia.org/wiki/Gregory_Benford	Nominated	"Doing Lennon"		Analog Science Fact & Fiction	https://en.wikipedia.org/wiki/Analog_Science_Fiction_and_Fact
1977	1977	Haldeman, Joe	https://en.wikipedia.org/wiki/Joe_Haldeman	Won	"Tricentennial"	https://en.wikipedia.org//w/index.php?title=Tricentennial_(short_story)&action=edit&redlink=1	Analog Science Fact & Fiction	https://en.wikipedia.org/wiki/Analog_Science_Fiction_and_Fact
1977	1977	Grant, Charles L.	https://en.wikipedia.org/wiki/Charles_L._Grant	Nominated	"A Crowd of Shadows"		The Magazine of Fantasy & Science Fiction	https://en.wikipedia.org/wiki/The_Magazine_of_Fantasy_%26_Science_Fiction
1977	1977	Knight, Damon	https://en.wikipedia.org/wiki/Damon_Knight	Nominated	"I See You"		The Magazine of Fantasy & Science Fiction	https://en.wikipedia.org/wiki/The_Magazine_of_Fantasy_%26_Science_Fiction
1977	1977	White, James	https://en.wikipedia.org/wiki/James_White_(author)	Nominated	"Custom Fitting"		Stellar #2 (Ballantine Books)	https://en.wikipedia.org/wiki/Ballantine_Books
1978	1978	Ellison, Harlan	https://en.wikipedia.org/wiki/Harlan_Ellison	Won	"Jeffty Is Five"	https://en.wikipedia.org/wiki/Jeffty_Is_Five	The Magazine of Fantasy & Science Fiction	https://en.wikipedia.org/wiki/The_Magazine_of_Fantasy_%26_Science_Fiction
1978	1978	Varley, John	https://en.wikipedia.org/wiki/John_Varley_(author)	Nominated	"Air Raid"		Asimov's Science Fiction	https://en.wikipedia.org/wiki/Asimov%27s_Science_Fiction
1978	1978	Robinson, Spider	https://en.wikipedia.org/wiki/Spider_Robinson	Nominated	"Dog Day Evening"		Analog Science Fact & Fiction	https://en.wikipedia.org/wiki/Analog_Science_Fiction_and_Fact
1978	1978	Garrett, Randall	https://en.wikipedia.org/wiki/Randall_Garrett	Nominated	"Lauralyn"		Analog Science Fact & Fiction	https://en.wikipedia.org/wiki/Analog_Science_Fiction_and_Fact
1978	1978	Tiptree, Jr., James	https://en.wikipedia.org/wiki/James_Tiptree,_Jr.	Nominated	"Time-Sharing Angel"		The Magazine of Fantasy & Science Fiction	https://en.wikipedia.org/wiki/The_Magazine_of_Fantasy_%26_Science_Fiction
1979	1979	Cherryh, C. J.	https://en.wikipedia.org/wiki/C._J._Cherryh	Won	"Cassandra"	https://en.wikipedia.org/wiki/Cassandra_(story)	The Magazine of Fantasy & Science Fiction	https://en.wikipedia.org/wiki/The_Magazine_of_Fantasy_%26_Science_Fiction
1979	1979	Ellison, Harlan	https://en.wikipedia.org/wiki/Harlan_Ellison	Nominated	"Count the Clock that Tells the Time"		Omni	https://en.wikipedia.org/wiki/Omni_(magazine)
1979	1979	Vinge, Joan D.	https://en.wikipedia.org/wiki/Joan_D._Vinge	Nominated	"View From a Height"		Analog Science Fact & Fiction	https://en.wikipedia.org/wiki/Analog_Science_Fiction_and_Fact
1979	1979	Bryant, Edward	https://en.wikipedia.org/wiki/Edward_Bryant	Nominated	"Stone"		The Magazine of Fantasy & Science Fiction	https://en.wikipedia.org/wiki/The_Magazine_of_Fantasy_%26_Science_Fiction
1979	1979	Watson, Ian	https://en.wikipedia.org/wiki/Ian_Watson_(author)	Nominated	"The Very Slow Time Machine"		Anticipations (Faber and Faber)	https://en.wikipedia.org/wiki/Faber_and_Faber
1980	1980	Martin, George R. R.	https://en.wikipedia.org/wiki/George_R._R._Martin	Won	"The Way of Cross and Dragon"	https://en.wikipedia.org/wiki/The_Way_of_Cross_and_Dragon	Omni	https://en.wikipedia.org/wiki/Omni_(magazine)
1980	1980	Card, Orson Scott	https://en.wikipedia.org/wiki/Orson_Scott_Card	Nominated	"Unaccompanied Sonata"	https://en.wikipedia.org/wiki/Unaccompanied_Sonata	Omni	https://en.wikipedia.org/wiki/Omni_(magazine)
1980	1980	Reynolds, Ted	https://en.wikipedia.org/wiki/Ted_Reynolds_(writer)	Nominated	"Can These Bones Live?"		Analog Science Fact & Fiction	https://en.wikipedia.org/wiki/Analog_Science_Fiction_and_Fact
1980	1980	Bryant, Edward	https://en.wikipedia.org/wiki/Edward_Bryant	Nominated	"giANTS"		Analog Science Fact & Fiction	https://en.wikipedia.org/wiki/Analog_Science_Fiction_and_Fact
1980	1980	Willis, Connie	https://en.wikipedia.org/wiki/Connie_Willis	Nominated	"Daisy, In the Sun"		Galileo	https://en.wikipedia.org/wiki/Galileo_(magazine)
1981	1981	Simak, Clifford D.	https://en.wikipedia.org/wiki/Clifford_D._Simak	Won	"Grotto of the Dancing Deer"	https://en.wikipedia.org/wiki/Grotto_of_the_Dancing_Deer	Analog Science Fact & Fiction	https://en.wikipedia.org/wiki/Analog_Science_Fiction_and_Fact
1981	1981	Silverberg, Robert	https://en.wikipedia.org/wiki/Robert_Silverberg	Nominated	"Our Lady of the Sauropods"		Omni	https://en.wikipedia.org/wiki/Omni_(magazine)
1981	1981	Petry, Susan C.		Nominated	"Spidersong"		The Magazine of Fantasy & Science Fiction	https://en.wikipedia.org/wiki/The_Magazine_of_Fantasy_%26_Science_Fiction
1981	1981	Duntemann, Jeff		Nominated	"Cold Hands"		Asimov's Science Fiction	https://en.wikipedia.org/wiki/Asimov%27s_Science_Fiction
1981	1981	Duntemann, Jeff		Nominated	"Guardian"		Asimov's Science Fiction	https://en.wikipedia.org/wiki/Asimov%27s_Science_Fiction
1982	1982	Varley, John	https://en.wikipedia.org/wiki/John_Varley_(author)	Won	"The Pusher"	https://en.wikipedia.org//w/index.php?title=The_Pusher_(short_story)&action=edit&redlink=1	The Magazine of Fantasy & Science Fiction	https://en.wikipedia.org/wiki/The_Magazine_of_Fantasy_%26_Science_Fiction
1982	1982	Wolfe, Gene	https://en.wikipedia.org/wiki/Gene_Wolfe	Nominated	"The Woman the Unicorn Loved"		Asimov's Science Fiction	https://en.wikipedia.org/wiki/Asimov%27s_Science_Fiction
1982	1982	Sucharitkul, Somtow	https://en.wikipedia.org/wiki/S._P._Somtow	Nominated	"Absent Thee from Felicity Awhile"		Analog Science Fact & Fiction	https://en.wikipedia.org/wiki/Analog_Science_Fiction_and_Fact
1982	1982	Guthridge, George	https://en.wikipedia.org/wiki/George_Guthridge	Nominated	"The Quiet"		The Magazine of Fantasy & Science Fiction	https://en.wikipedia.org/wiki/The_Magazine_of_Fantasy_%26_Science_Fiction
1983	1983	Robinson, Spider	https://en.wikipedia.org/wiki/Spider_Robinson	Won	"Melancholy Elephants"	https://en.wikipedia.org/wiki/Melancholy_Elephants	Analog Science Fact & Fiction	https://en.wikipedia.org/wiki/Analog_Science_Fiction_and_Fact
1983	1983	Le Guin, Ursula K.	https://en.wikipedia.org/wiki/Ursula_K._Le_Guin	Nominated	"Sur"		The New Yorker	https://en.wikipedia.org/wiki/The_New_Yorker
1983	1983	Tiptree, Jr., James	https://en.wikipedia.org/wiki/James_Tiptree,_Jr.	Nominated	"The Boy Who Waterskied to Forever"		The Magazine of Fantasy & Science Fiction	https://en.wikipedia.org/wiki/The_Magazine_of_Fantasy_%26_Science_Fiction
1983	1983	Sterling, Bruce	https://en.wikipedia.org/wiki/Bruce_Sterling	Nominated	"Spider Rose"		The Magazine of Fantasy & Science Fiction	https://en.wikipedia.org/wiki/The_Magazine_of_Fantasy_%26_Science_Fiction
1983	1983	Waldrop, Howard	https://en.wikipedia.org/wiki/Howard_Waldrop	Nominated	"Ike at the Mike"		Omni	https://en.wikipedia.org/wiki/Omni_(magazine)
1984	1984	Butler, Octavia E.	https://en.wikipedia.org/wiki/Octavia_E._Butler	Won	"Speech Sounds"	https://en.wikipedia.org/wiki/Speech_Sounds	Asimov's Science Fiction	https://en.wikipedia.org/wiki/Asimov%27s_Science_Fiction
1984	1984	Pohl, Frederik	https://en.wikipedia.org/wiki/Frederik_Pohl	Nominated	"Servant of the People"		Analog Science Fact & Fiction	https://en.wikipedia.org/wiki/Analog_Science_Fiction_and_Fact
1984	1984	Schenck, Hilbert	https://en.wikipedia.org/wiki/Hilbert_Schenck	Nominated	"The Geometry of Narrative"		Analog Science Fact & Fiction	https://en.wikipedia.org/wiki/Analog_Science_Fiction_and_Fact
1984	1984	Dozois, Gardner	https://en.wikipedia.org/wiki/Gardner_Dozois	Nominated	"The Peacemaker"		Asimov's Science Fiction	https://en.wikipedia.org/wiki/Asimov%27s_Science_Fiction
1984	1984	Wu, William F.	https://en.wikipedia.org/wiki/William_F._Wu	Nominated	"Wong's Lost and Found Emporium"	https://en.wikipedia.org/wiki/Wong%27s_Lost_and_Found_Emporium	Amazing Stories	https://en.wikipedia.org/wiki/Amazing_Stories
1985	1985	Brin, David	https://en.wikipedia.org/wiki/David_Brin	Won	"The Crystal Spheres"	https://en.wikipedia.org/wiki/The_Crystal_Spheres	Analog Science Fact & Fiction	https://en.wikipedia.org/wiki/Analog_Science_Fiction_and_Fact
1985	1985	Effinger, George Alec	https://en.wikipedia.org/wiki/George_Alec_Effinger	Nominated	"The Aliens Who Knew, I Mean, Everything"		The Magazine of Fantasy & Science Fiction	https://en.wikipedia.org/wiki/The_Magazine_of_Fantasy_%26_Science_Fiction
1985	1985	Killough, Lee	https://en.wikipedia.org/wiki/Lee_Killough_(author)	Nominated	"Symphony for a Lost Traveler"		Analog Science Fact & Fiction	https://en.wikipedia.org/wiki/Analog_Science_Fiction_and_Fact
1985	1985	Shepard, Lucius	https://en.wikipedia.org/wiki/Lucius_Shepard	Nominated	"Salvador"	https://en.wikipedia.org/wiki/Salvador_(story)	The Magazine of Fantasy & Science Fiction	https://en.wikipedia.org/wiki/The_Magazine_of_Fantasy_%26_Science_Fiction
1985	1985	Robinson, Kim Stanley	https://en.wikipedia.org/wiki/Kim_Stanley_Robinson	Nominated	"Ridge Running"		The Magazine of Fantasy & Science Fiction	https://en.wikipedia.org/wiki/The_Magazine_of_Fantasy_%26_Science_Fiction
1985	1985	Gould, Steven	https://en.wikipedia.org/wiki/Steven_Gould	Nominated	"Rory"		Analog Science Fact & Fiction	https://en.wikipedia.org/wiki/Analog_Science_Fiction_and_Fact
1986	1986	Pohl, Frederik	https://en.wikipedia.org/wiki/Frederik_Pohl	Won	"Fermi and Frost"	https://en.wikipedia.org/wiki/Fermi_and_Frost	Asimov's Science Fiction	https://en.wikipedia.org/wiki/Asimov%27s_Science_Fiction
1986	1986	Waldrop, Howard	https://en.wikipedia.org/wiki/Howard_Waldrop	Nominated	"Flying Saucer Rock & Roll"		Omni	https://en.wikipedia.org/wiki/Omni_(magazine)
1986	1986	Crowley, John	https://en.wikipedia.org/wiki/John_Crowley	Nominated	"Snow"		Omni	https://en.wikipedia.org/wiki/Omni_(magazine)
1986	1986	Sterling, Bruce	https://en.wikipedia.org/wiki/Bruce_Sterling	Nominated	"Dinner in Audoghast"		Asimov's Science Fiction	https://en.wikipedia.org/wiki/Asimov%27s_Science_Fiction
1986	1986	Wu, William F.	https://en.wikipedia.org/wiki/William_F._Wu	Nominated	"Hong's Bluff"		Omni	https://en.wikipedia.org/wiki/Omni_(magazine)
1987	1987	Bear, Greg	https://en.wikipedia.org/wiki/Greg_Bear	Won	"Tangents"	https://en.wikipedia.org/wiki/Tangents_(story)	Omni	https://en.wikipedia.org/wiki/Omni_(magazine)
1987	1987	Asimov, Isaac	https://en.wikipedia.org/wiki/Isaac_Asimov	Nominated	"Robot Dreams"	https://en.wikipedia.org/wiki/Robot_Dreams_(Asimov_short_story)	Robot Dreams (Berkley Books)	https://en.wikipedia.org/wiki/Robot_Dreams
1987	1987	Springer, Nancy	https://en.wikipedia.org/wiki/Nancy_Springer	Nominated	"The Boy Who Plaited Manes"		The Magazine of Fantasy & Science Fiction	https://en.wikipedia.org/wiki/The_Magazine_of_Fantasy_%26_Science_Fiction
1987	1987	Garnett, David S.	https://en.wikipedia.org/wiki/David_S._Garnett	Nominated	"Still Life"		The Magazine of Fantasy & Science Fiction	https://en.wikipedia.org/wiki/The_Magazine_of_Fantasy_%26_Science_Fiction
1987	1987	Kelly, James Patrick	https://en.wikipedia.org/wiki/James_Patrick_Kelly	Nominated	"Rat"	https://en.wikipedia.org/wiki/Rat_(story)	The Magazine of Fantasy & Science Fiction	https://en.wikipedia.org/wiki/The_Magazine_of_Fantasy_%26_Science_Fiction
1988	1988	Watt-Evans, Lawrence	https://en.wikipedia.org/wiki/Lawrence_Watt-Evans	Won	"Why I Left Harry's All-Night Hamburgers"	https://en.wikipedia.org/wiki/Why_I_Left_Harry%27s_All-Night_Hamburgers	Asimov's Science Fiction	https://en.wikipedia.org/wiki/Asimov%27s_Science_Fiction
1988	1988	Wilhelm, Kate	https://en.wikipedia.org/wiki/Kate_Wilhelm	Nominated	"Forever Yours, Anna"		Omni	https://en.wikipedia.org/wiki/Omni_(magazine)
1988	1988	Cadigan, Pat	https://en.wikipedia.org/wiki/Pat_Cadigan	Nominated	"Angel"		Asimov's Science Fiction	https://en.wikipedia.org/wiki/Asimov%27s_Science_Fiction
1988	1988	Waldrop, Howard	https://en.wikipedia.org/wiki/Howard_Waldrop	Nominated	"Night of the Cooters"		Omni	https://en.wikipedia.org/wiki/Omni_(magazine)
1988	1988	Fowler, Karen Joy	https://en.wikipedia.org/wiki/Karen_Joy_Fowler	Nominated	"The Faithful Companion at Forty"		Asimov's Science Fiction	https://en.wikipedia.org/wiki/Asimov%27s_Science_Fiction
1988	1988	Goldstein, Lisa	https://en.wikipedia.org/wiki/Lisa_Goldstein	Nominated	"Cassandra's Photographs"		Asimov's Science Fiction	https://en.wikipedia.org/wiki/Asimov%27s_Science_Fiction
1989	1989	Resnick, Mike	https://en.wikipedia.org/wiki/Mike_Resnick	Won	"Kirinyaga"	https://en.wikipedia.org/wiki/Kirinyaga_(story)	Fantasy & Science Fiction	https://en.wikipedia.org/wiki/The_Magazine_of_Fantasy_%26_Science_Fiction
1989	1989	Brin, David	https://en.wikipedia.org/wiki/David_Brin	Nominated	"The Giving Plague"	https://en.wikipedia.org/wiki/The_Giving_Plague	Interzone	https://en.wikipedia.org/wiki/Interzone_(magazine)
1989	1989	Landis, Geoffrey A.	https://en.wikipedia.org/wiki/Geoffrey_A._Landis	Nominated	"Ripples in the Dirac Sea"		Asimov's Science Fiction	https://en.wikipedia.org/wiki/Asimov%27s_Science_Fiction
1989	1989	Sterling, Bruce	https://en.wikipedia.org/wiki/Bruce_Sterling	Nominated	"Our Neural Chernobyl"		Fantasy & Science Fiction	https://en.wikipedia.org/wiki/The_Magazine_of_Fantasy_%26_Science_Fiction
1989	1989	Gunn, Eileen	https://en.wikipedia.org/wiki/Eileen_Gunn	Nominated	"Stable Strategies for Middle Management"	https://en.wikipedia.org/wiki/Stable_Strategies_for_Middle_Management	Asimov's Science Fiction	https://en.wikipedia.org/wiki/Asimov%27s_Science_Fiction
1989	1989	McDevitt, Jack	https://en.wikipedia.org/wiki/Jack_McDevitt	Nominated	"The Fort Moxie Branch"		Full Spectrum (Doubleday)	https://en.wikipedia.org/wiki/Full_Spectrum
1990	1990	Charnas, Suzy McKee	https://en.wikipedia.org/wiki/Suzy_McKee_Charnas	Won	"Boobs"	https://en.wikipedia.org//w/index.php?title=Boobs_(short_story)&action=edit&redlink=1	Asimov's Science Fiction	https://en.wikipedia.org/wiki/Asimov%27s_Science_Fiction
1990	1990	Card, Orson Scott	https://en.wikipedia.org/wiki/Orson_Scott_Card	Nominated	"Lost Boys"	https://en.wikipedia.org/wiki/Lost_Boys_(novel)#Short_story	Fantasy & Science Fiction	https://en.wikipedia.org/wiki/The_Magazine_of_Fantasy_%26_Science_Fiction
1990	1990	Gunn, Eileen	https://en.wikipedia.org/wiki/Eileen_Gunn	Nominated	"Computer Friendly"		Asimov's Science Fiction	https://en.wikipedia.org/wiki/Asimov%27s_Science_Fiction
1990	1990	Niven, Larry	https://en.wikipedia.org/wiki/Larry_Niven	Nominated	"The Return of William Proxmire"	https://en.wikipedia.org/wiki/The_Return_of_William_Proxmire	What Might Have Been? Vol. 1: Alternate Empires (Bantam Spectra)	https://en.wikipedia.org/wiki/Bantam_Spectra
1990	1990	Swanwick, Michael	https://en.wikipedia.org/wiki/Michael_Swanwick	Nominated	"The Edge of the World"		Asimov's Science Fiction	https://en.wikipedia.org/wiki/Asimov%27s_Science_Fiction
1990	1990	Sterling, Bruce	https://en.wikipedia.org/wiki/Bruce_Sterling	Nominated	"Dori Bangs"		Asimov's Science Fiction	https://en.wikipedia.org/wiki/Asimov%27s_Science_Fiction
1991	1991	Bisson, Terry	https://en.wikipedia.org/wiki/Terry_Bisson	Won	"Bears Discover Fire"	https://en.wikipedia.org/wiki/Bears_Discover_Fire	Asimov's Science Fiction	https://en.wikipedia.org/wiki/Asimov%27s_Science_Fiction
1991	1991	Willis, Connie	https://en.wikipedia.org/wiki/Connie_Willis	Nominated	"Cibola"		Asimov's Science Fiction	https://en.wikipedia.org/wiki/Asimov%27s_Science_Fiction
1991	1991	Sheffield, Charles	https://en.wikipedia.org/wiki/Charles_Sheffield	Nominated	"Godspeed"		Analog Science Fact & Fiction	https://en.wikipedia.org/wiki/Analog_Science_Fiction_and_Fact
1991	1991	Reed, Robert	https://en.wikipedia.org/wiki/Robert_Reed_(author)	Nominated	"The Utility Man"		Asimov's Science Fiction	https://en.wikipedia.org/wiki/Asimov%27s_Science_Fiction
1991	1991	Thompson, W. R.		Nominated	"VRM-547"		Analog Science Fact & Fiction	https://en.wikipedia.org/wiki/Analog_Science_Fiction_and_Fact
1992	1992	Landis, Geoffrey A.	https://en.wikipedia.org/wiki/Geoffrey_A._Landis	Won	"A Walk in the Sun"	https://en.wikipedia.org/wiki/A_Walk_in_the_Sun_(story)	Asimov's Science Fiction	https://en.wikipedia.org/wiki/Asimov%27s_Science_Fiction
1992	1992	Resnick, Mike	https://en.wikipedia.org/wiki/Mike_Resnick	Nominated	"One Perfect Morning, With Jackals"	https://en.wikipedia.org/wiki/Kirinyaga_(novel)	Asimov's Science Fiction	https://en.wikipedia.org/wiki/Asimov%27s_Science_Fiction
1992	1992	Willis, Connie	https://en.wikipedia.org/wiki/Connie_Willis	Nominated	"In the Late Cretaceous"		Asimov's Science Fiction	https://en.wikipedia.org/wiki/Asimov%27s_Science_Fiction
1992	1992	Resnick, Mike	https://en.wikipedia.org/wiki/Mike_Resnick	Nominated	"Winter Solstice"		Fantasy & Science Fiction	https://en.wikipedia.org/wiki/The_Magazine_of_Fantasy_%26_Science_Fiction
1992	1992	Bisson, Terry	https://en.wikipedia.org/wiki/Terry_Bisson	Nominated	"Press Ann"		Asimov's Science Fiction	https://en.wikipedia.org/wiki/Asimov%27s_Science_Fiction
1992	1992	Kessel, John	https://en.wikipedia.org/wiki/John_Kessel	Nominated	"Buffalo"		Fantasy & Science Fiction	https://en.wikipedia.org/wiki/The_Magazine_of_Fantasy_%26_Science_Fiction
1992	1992	Soukup, Martha	https://en.wikipedia.org/wiki/Martha_Soukup	Nominated	"Dog's Life"		Amazing Stories	https://en.wikipedia.org/wiki/Amazing_Stories
1993	1993	Willis, Connie	https://en.wikipedia.org/wiki/Connie_Willis	Won	"Even the Queen"	https://en.wikipedia.org/wiki/Even_the_Queen	Asimov's Science Fiction	https://en.wikipedia.org/wiki/Asimov%27s_Science_Fiction
1993	1993	Kress, Nancy	https://en.wikipedia.org/wiki/Nancy_Kress	Nominated	"The Mountain to Mohammed"		Asimov's Science Fiction	https://en.wikipedia.org/wiki/Asimov%27s_Science_Fiction
1993	1993	Resnick, Mike	https://en.wikipedia.org/wiki/Mike_Resnick	Nominated	"The Lotus and the Spear"	https://en.wikipedia.org/wiki/Kirinyaga_(novel)	Asimov's Science Fiction	https://en.wikipedia.org/wiki/Asimov%27s_Science_Fiction
1993	1993	Soukup, Martha	https://en.wikipedia.org/wiki/Martha_Soukup	Nominated	"The Arbitrary Placement of Walls"		Asimov's Science Fiction	https://en.wikipedia.org/wiki/Asimov%27s_Science_Fiction
1993	1993	DiChario, Nicholas A.		Nominated	"The Winterberry"		Alternate Kennedys (Tor Books)	https://en.wikipedia.org/wiki/Tor_Books
1994	1994	Willis, Connie	https://en.wikipedia.org/wiki/Connie_Willis	Won	"Death on the Nile"	https://en.wikipedia.org//w/index.php?title=Death_on_the_Nile_(short_story)&action=edit&redlink=1	Asimov's Science Fiction	https://en.wikipedia.org/wiki/Asimov%27s_Science_Fiction
1994	1994	Resnick, Mike	https://en.wikipedia.org/wiki/Mike_Resnick	Nominated	"Mwalimu in the Squared Circle"		Asimov's Science Fiction	https://en.wikipedia.org/wiki/Asimov%27s_Science_Fiction
1994	1994	Soukup, Martha	https://en.wikipedia.org/wiki/Martha_Soukup	Nominated	"The Story So Far"		Full Spectrum 4 (Doubleday)	https://en.wikipedia.org/wiki/Full_Spectrum
1994	1994	McKenna, Bridget		Nominated	"The Good Pup"		Fantasy & Science Fiction	https://en.wikipedia.org/wiki/The_Magazine_of_Fantasy_%26_Science_Fiction
1994	1994	Bisson, Terry	https://en.wikipedia.org/wiki/Terry_Bisson	Nominated	"England Underway"		Omni	https://en.wikipedia.org/wiki/Omni_(magazine)
1995	1995	Haldeman, Joe	https://en.wikipedia.org/wiki/Joe_Haldeman	Won	"None So Blind"	https://en.wikipedia.org/wiki/None_So_Blind	Asimov's Science Fiction	https://en.wikipedia.org/wiki/Asimov%27s_Science_Fiction
1995	1995	Wilhelm, Kate	https://en.wikipedia.org/wiki/Kate_Wilhelm	Nominated	"I Know What You're Thinking"		Asimov's Science Fiction	https://en.wikipedia.org/wiki/Asimov%27s_Science_Fiction
1995	1995	Resnick, Mike	https://en.wikipedia.org/wiki/Mike_Resnick	Nominated	"Barnaby in Exile"		Asimov's Science Fiction	https://en.wikipedia.org/wiki/Asimov%27s_Science_Fiction
1995	1995	Bisson, Terry	https://en.wikipedia.org/wiki/Terry_Bisson	Nominated	"Dead Man's Curve"		Asimov's Science Fiction	https://en.wikipedia.org/wiki/Asimov%27s_Science_Fiction
1995	1995	Malzberg, Barry N.	https://en.wikipedia.org/wiki/Barry_N._Malzberg	Nominated	"Understanding Entropy"		SF Age
1995	1995	Bell, M. Shayne	https://en.wikipedia.org/wiki/M._Shayne_Bell	Nominated	"Mrs. Lincoln's China"		Asimov's Science Fiction	https://en.wikipedia.org/wiki/Asimov%27s_Science_Fiction
1996	1996	McHugh, Maureen F.	https://en.wikipedia.org/wiki/Maureen_F._McHugh	Won	"The Lincoln Train"	https://en.wikipedia.org/wiki/The_Lincoln_Train	Fantasy & Science Fiction	https://en.wikipedia.org/wiki/The_Magazine_of_Fantasy_%26_Science_Fiction
1996	1996	Friesner, Esther	https://en.wikipedia.org/wiki/Esther_Friesner	Nominated	"A Birthday"		Fantasy & Science Fiction	https://en.wikipedia.org/wiki/The_Magazine_of_Fantasy_%26_Science_Fiction
1996	1996	Burstein, Michael A.	https://en.wikipedia.org/wiki/Michael_A._Burstein	Nominated	"TeleAbsence"		Analog Science Fiction and Fact	https://en.wikipedia.org/wiki/Analog_Science_Fiction_and_Fact
1996	1996	Daniel, Tony	https://en.wikipedia.org/wiki/Tony_Daniel_(science_fiction_writer)	Nominated	"Life on the Moon"		Asimov's Science Fiction	https://en.wikipedia.org/wiki/Asimov%27s_Science_Fiction
1996	1996	Swanwick, Michael	https://en.wikipedia.org/wiki/Michael_Swanwick	Nominated	"Walking Out"		Asimov's Science Fiction	https://en.wikipedia.org/wiki/Asimov%27s_Science_Fiction
1997	1997	Willis, Connie	https://en.wikipedia.org/wiki/Connie_Willis	Won	"The Soul Selects Her Own Society: Invasion and Repulsion: A Chronological Reinterpretation of Two of Emily Dickinson's Poems: A Wellsian Perspective"	https://en.wikipedia.org//w/index.php?title=The_Soul_Selects_Her_Own_Society&action=edit&redlink=1	Asimov's Science Fiction	https://en.wikipedia.org/wiki/Asimov%27s_Science_Fiction
1997	1997	White, James	https://en.wikipedia.org/wiki/James_White_(author)	Nominated	"Un-Birthday Boy"		Analog Science Fiction and Fact	https://en.wikipedia.org/wiki/Analog_Science_Fiction_and_Fact
1997	1997	Swanwick, Michael	https://en.wikipedia.org/wiki/Michael_Swanwick	Nominated	"The Dead"	https://en.wikipedia.org/wiki/The_Dead_(story)	Starlight #1 (Tor Books)	https://en.wikipedia.org/wiki/Starlight_(anthology_series)
1997	1997	Reed, Robert	https://en.wikipedia.org/wiki/Robert_Reed_(author)	Nominated	"Decency"		Asimov's Science Fiction	https://en.wikipedia.org/wiki/Asimov%27s_Science_Fiction
1997	1997	Crowley, John	https://en.wikipedia.org/wiki/John_Crowley	Nominated	"Gone"		Fantasy & Science Fiction	https://en.wikipedia.org/wiki/The_Magazine_of_Fantasy_%26_Science_Fiction
1998	1998	Resnick, Mike	https://en.wikipedia.org/wiki/Mike_Resnick	Won	"The 43 Antarean Dynasties"	https://en.wikipedia.org/wiki/The_43_Antarean_Dynasties	Asimov's Science Fiction	https://en.wikipedia.org/wiki/Asimov%27s_Science_Fiction
1998	1998	Kelly, James Patrick	https://en.wikipedia.org/wiki/James_Patrick_Kelly	Nominated	"Itsy Bitsy Spider"		Asimov's Science Fiction	https://en.wikipedia.org/wiki/Asimov%27s_Science_Fiction
1998	1998	Wolfe, Gene	https://en.wikipedia.org/wiki/Gene_Wolfe	Nominated	"No Planets Strike"		Fantasy & Science Fiction	https://en.wikipedia.org/wiki/The_Magazine_of_Fantasy_%26_Science_Fiction
1998	1998	Sawyer, Robert J.	https://en.wikipedia.org/wiki/Robert_J._Sawyer	Nominated	"The Hand You're Dealt"		Free Space (Tor Books)	https://en.wikipedia.org/wiki/Tor_Books
1998	1998	Fowler, Karen Joy	https://en.wikipedia.org/wiki/Karen_Joy_Fowler	Nominated	"Standing Room Only"		Asimov's Science Fiction	https://en.wikipedia.org/wiki/Asimov%27s_Science_Fiction
1998	1998	Duncan, Andy	https://en.wikipedia.org/wiki/Andy_Duncan_(writer)	Nominated	"Beluthahatchie"		Asimov's Science Fiction	https://en.wikipedia.org/wiki/Asimov%27s_Science_Fiction
1999	1999	Swanwick, Michael	https://en.wikipedia.org/wiki/Michael_Swanwick	Won	"The Very Pulse of the Machine"	https://en.wikipedia.org/wiki/The_Very_Pulse_of_the_Machine	Asimov's Science Fiction	https://en.wikipedia.org/wiki/Asimov%27s_Science_Fiction
1999	1999	Sterling, Bruce	https://en.wikipedia.org/wiki/Bruce_Sterling	Nominated	"Maneki Neko"		Fantasy & Science Fiction	https://en.wikipedia.org/wiki/The_Magazine_of_Fantasy_%26_Science_Fiction
1999	1999	Swanwick, Michael	https://en.wikipedia.org/wiki/Michael_Swanwick	Nominated	"Radiant Doors"	https://en.wikipedia.org/wiki/Radiant_Doors	Asimov's Science Fiction	https://en.wikipedia.org/wiki/Asimov%27s_Science_Fiction
1999	1999	Swanwick, Michael	https://en.wikipedia.org/wiki/Michael_Swanwick	Nominated	"Wild Minds"	https://en.wikipedia.org/wiki/Wild_Minds	Asimov's Science Fiction	https://en.wikipedia.org/wiki/Asimov%27s_Science_Fiction
1999	1999	Burstein, Michael A.	https://en.wikipedia.org/wiki/Michael_A._Burstein	Nominated	"Cosmic Corkscrew"		Analog Science Fiction and Fact	https://en.wikipedia.org/wiki/Analog_Science_Fiction_and_Fact
1999	1999	Reed, Robert	https://en.wikipedia.org/wiki/Robert_Reed_(author)	Nominated	"Whiptail"		Asimov's Science Fiction	https://en.wikipedia.org/wiki/Asimov%27s_Science_Fiction
2000	2000	Swanwick, Michael	https://en.wikipedia.org/wiki/Michael_Swanwick	Won	"Scherzo with Tyrannosaur"	https://en.wikipedia.org/wiki/Scherzo_with_Tyrannosaur	Asimov's Science Fiction	https://en.wikipedia.org/wiki/Asimov%27s_Science_Fiction
2000	2000	Swanwick, Michael	https://en.wikipedia.org/wiki/Michael_Swanwick	Nominated	"Ancient Engines"	https://en.wikipedia.org/wiki/Ancient_Engines	Asimov's Science Fiction	https://en.wikipedia.org/wiki/Asimov%27s_Science_Fiction
2000	2000	Resnick, Mike	https://en.wikipedia.org/wiki/Mike_Resnick	Nominated	"Hothouse Flowers"		Asimov's Science Fiction	https://en.wikipedia.org/wiki/Asimov%27s_Science_Fiction
2000	2000	Bisson, Terry	https://en.wikipedia.org/wiki/Terry_Bisson	Nominated	"macs"	https://en.wikipedia.org/wiki/Macs_(short_story)	Fantasy & Science Fiction	https://en.wikipedia.org/wiki/The_Magazine_of_Fantasy_%26_Science_Fiction
2000	2000	DiChario, Nicholas A.		Nominated	"Sarajevo"		Fantasy & Science Fiction	https://en.wikipedia.org/wiki/The_Magazine_of_Fantasy_%26_Science_Fiction
2001	2001	Langford, David	https://en.wikipedia.org/wiki/David_Langford	Won	"Different Kinds of Darkness"	https://en.wikipedia.org//w/index.php?title=Different_Kinds_of_Darkness&action=edit&redlink=1	Fantasy & Science Fiction	https://en.wikipedia.org/wiki/The_Magazine_of_Fantasy_%26_Science_Fiction
2001	2001	Burstein, Michael A.	https://en.wikipedia.org/wiki/Michael_A._Burstein	Nominated	"Kaddish for the Last Survivor"		Analog Science Fiction and Fact	https://en.wikipedia.org/wiki/Analog_Science_Fiction_and_Fact
2001	2001	Swanwick, Michael	https://en.wikipedia.org/wiki/Michael_Swanwick	Nominated	"Moon Dogs"		Asimov's Science Fiction	https://en.wikipedia.org/wiki/Asimov%27s_Science_Fiction
2001	2001	Resnick, Mike	https://en.wikipedia.org/wiki/Mike_Resnick	Nominated	"The Elephants on Neptune"		Asimov's Science Fiction	https://en.wikipedia.org/wiki/Asimov%27s_Science_Fiction
2001	2001	Baxter, Stephen	https://en.wikipedia.org/wiki/Stephen_Baxter	Nominated	"The Gravity Mine"		Asimov's Science Fiction	https://en.wikipedia.org/wiki/Asimov%27s_Science_Fiction
2002	2002	Swanwick, Michael	https://en.wikipedia.org/wiki/Michael_Swanwick	Won	"The Dog Said Bow-Wow"	https://en.wikipedia.org/wiki/The_Dog_Said_Bow-Wow	Asimov's Science Fiction	https://en.wikipedia.org/wiki/Asimov%27s_Science_Fiction
2002	2002	Le Guin, Ursula K.	https://en.wikipedia.org/wiki/Ursula_K._Le_Guin	Nominated	"The Bones of the Earth"		Tales from Earthsea (Harcourt)	https://en.wikipedia.org/wiki/Tales_from_Earthsea
2002	2002	Resnick, Mike	https://en.wikipedia.org/wiki/Mike_Resnick	Nominated	"Old MacDonald Had a Farm"	https://en.wikipedia.org/wiki/Old_MacDonald_Had_a_Farm_(short_story)	Asimov's Science Fiction	https://en.wikipedia.org/wiki/Asimov%27s_Science_Fiction
2002	2002	Baxter, Stephen	https://en.wikipedia.org/wiki/Stephen_Baxter	Nominated	"The Ghost Pit"	https://en.wikipedia.org/wiki/The_Ghost_Pit	Asimov's Science Fiction	https://en.wikipedia.org/wiki/Asimov%27s_Science_Fiction
2002	2002	Burstein, Michael A.	https://en.wikipedia.org/wiki/Michael_A._Burstein	Nominated	"Spaceships"		Analog Science Fiction and Fact	https://en.wikipedia.org/wiki/Analog_Science_Fiction_and_Fact
2003	2003	Landis, Geoffrey A.	https://en.wikipedia.org/wiki/Geoffrey_A._Landis	Won	"Falling Onto Mars"	https://en.wikipedia.org/wiki/Falling_Onto_Mars	Analog Science Fiction and Fact	https://en.wikipedia.org/wiki/Analog_Science_Fiction_and_Fact
2003	2003	Swanwick, Michael	https://en.wikipedia.org/wiki/Michael_Swanwick	Nominated	"'Hello,' Said the Stick"	https://en.wikipedia.org/wiki/%27Hello,%27_Said_the_Stick	Analog Science Fiction and Fact	https://en.wikipedia.org/wiki/Analog_Science_Fiction_and_Fact
2003	2003	Swanwick, Michael	https://en.wikipedia.org/wiki/Michael_Swanwick	Nominated	"The Little Cat Laughed to See Such Sport"		Asimov's Science Fiction	https://en.wikipedia.org/wiki/Asimov%27s_Science_Fiction
2003	2003	Ford, Jeffrey	https://en.wikipedia.org/wiki/Jeffrey_Ford	Nominated	"Creation"		Fantasy & Science Fiction	https://en.wikipedia.org/wiki/The_Magazine_of_Fantasy_%26_Science_Fiction
2003	2003	Gloss, Molly	https://en.wikipedia.org/wiki/Molly_Gloss	Nominated	"Lambing Season"	https://en.wikipedia.org/wiki/Lambing_Season	Asimov's Science Fiction	https://en.wikipedia.org/wiki/Asimov%27s_Science_Fiction
2004	2004	Gaiman, Neil	https://en.wikipedia.org/wiki/Neil_Gaiman	Won	"A Study in Emerald"	https://en.wikipedia.org/wiki/A_Study_in_Emerald	Shadows Over Baker Street (Del Rey Books)	https://en.wikipedia.org/wiki/Shadows_Over_Baker_Street
2004	2004	Burstein, Michael A.	https://en.wikipedia.org/wiki/Michael_A._Burstein	Nominated	"Paying It Forward"	https://en.wikipedia.org/wiki/Paying_It_Forward_(story)	Analog Science Fiction and Fact	https://en.wikipedia.org/wiki/Analog_Science_Fiction_and_Fact
2004	2004	Resnick, Mike	https://en.wikipedia.org/wiki/Mike_Resnick	Nominated	"Robots Don't Cry"		Asimov's Science Fiction	https://en.wikipedia.org/wiki/Asimov%27s_Science_Fiction
2004	2004	Haldeman, Joe	https://en.wikipedia.org/wiki/Joe_Haldeman	Nominated	"Four Short Novels"		Fantasy & Science Fiction	https://en.wikipedia.org/wiki/The_Magazine_of_Fantasy_%26_Science_Fiction
2004	2004	Levine, David D.	https://en.wikipedia.org/wiki/David_D._Levine	Nominated	"The Tale of the Golden Eagle"		Fantasy & Science Fiction	https://en.wikipedia.org/wiki/The_Magazine_of_Fantasy_%26_Science_Fiction
2005	2005	Resnick, Mike	https://en.wikipedia.org/wiki/Mike_Resnick	Won	"Travels with My Cats"	https://en.wikipedia.org/wiki/Travels_with_My_Cats	Asimov's Science Fiction	https://en.wikipedia.org/wiki/Asimov%27s_Science_Fiction
2005	2005	Kelly, James Patrick	https://en.wikipedia.org/wiki/James_Patrick_Kelly	Nominated	"The Best Christmas Ever"	https://en.wikipedia.org/wiki/The_Best_Christmas_Ever_(story)	Scifi.com	https://en.wikipedia.org/wiki/Syfy
2005	2005	Resnick, Mike	https://en.wikipedia.org/wiki/Mike_Resnick	Nominated	"A Princess of Earth"		Asimov's Science Fiction	https://en.wikipedia.org/wiki/Asimov%27s_Science_Fiction
2005	2005	Sawyer, Robert J.	https://en.wikipedia.org/wiki/Robert_J._Sawyer	Nominated	"Shed Skin"		Analog Science Fiction and Fact	https://en.wikipedia.org/wiki/Analog_Science_Fiction_and_Fact
2005	2005	Burstein, Michael A.	https://en.wikipedia.org/wiki/Michael_A._Burstein	Nominated	"Decisions"		Analog Science Fiction and Fact	https://en.wikipedia.org/wiki/Analog_Science_Fiction_and_Fact
2006	2006	Levine, David D.	https://en.wikipedia.org/wiki/David_D._Levine	Won	"Tk'tk'tk"	https://en.wikipedia.org/wiki/Tk%27tk%27tk	Asimov's Science Fiction	https://en.wikipedia.org/wiki/Asimov%27s_Science_Fiction
2006	2006	Burstein, Michael A.	https://en.wikipedia.org/wiki/Michael_A._Burstein	Nominated	"Seventy-Five Years"		Analog Science Fiction and Fact	https://en.wikipedia.org/wiki/Analog_Science_Fiction_and_Fact
2006	2006	Green, Dominic	https://en.wikipedia.org/wiki/Dominic_Green_(science_fiction_writer)	Nominated	"The Clockwork Atom Bomb"	https://en.wikipedia.org/wiki/The_Clockwork_Atom_Bomb	Interzone	https://en.wikipedia.org/wiki/Interzone_(magazine)
2006	2006	Lanagan, Margo	https://en.wikipedia.org/wiki/Margo_Lanagan	Nominated	"Singing My Sister Down"		Black Juice (Eos)	https://en.wikipedia.org/wiki/HarperCollins
2006	2006	Resnick, Mike	https://en.wikipedia.org/wiki/Mike_Resnick	Nominated	"Down Memory Lane"		Asimov's Science Fiction	https://en.wikipedia.org/wiki/Asimov%27s_Science_Fiction
2007	2007	Pratt, Tim	https://en.wikipedia.org/wiki/Tim_Pratt	Won	"Impossible Dreams"	https://en.wikipedia.org/wiki/Impossible_Dreams	Asimov's Science Fiction	https://en.wikipedia.org/wiki/Asimov%27s_Science_Fiction
2007	2007	Gaiman, Neil	https://en.wikipedia.org/wiki/Neil_Gaiman	Nominated	"How to Talk to Girls at Parties"	https://en.wikipedia.org/wiki/How_to_Talk_to_Girls_at_Parties	Fragile Things (William Morrow and Company)	https://en.wikipedia.org/wiki/Fragile_Things
2007	2007	Reed, Robert	https://en.wikipedia.org/wiki/Robert_Reed_(author)	Nominated	"Eight Episodes"	https://en.wikipedia.org/wiki/Eight_Episodes	Asimov's Science Fiction	https://en.wikipedia.org/wiki/Asimov%27s_Science_Fiction
2007	2007	McAllister, Bruce	https://en.wikipedia.org/wiki/Bruce_McAllister	Nominated	"Kin"	https://en.wikipedia.org/wiki/Kin_(short_story)	Asimov's Science Fiction	https://en.wikipedia.org/wiki/Asimov%27s_Science_Fiction
2007	2007	Rosenbaum, Benjamin	https://en.wikipedia.org/wiki/Benjamin_Rosenbaum	Nominated	"The House Beyond Your Sky"	https://en.wikipedia.org/wiki/The_House_Beyond_Your_Sky	Strange Horizons	https://en.wikipedia.org/wiki/Strange_Horizons
2008	2008	Bear, Elizabeth	https://en.wikipedia.org/wiki/Elizabeth_Bear	Won	"Tideline"	https://en.wikipedia.org/wiki/Tideline_(short_story)	Asimov's Science Fiction	https://en.wikipedia.org/wiki/Asimov%27s_Science_Fiction
2008	2008	Swanwick, Michael	https://en.wikipedia.org/wiki/Michael_Swanwick	Nominated	"A Small Room in Koboldtown"		Asimov's Science Fiction	https://en.wikipedia.org/wiki/Asimov%27s_Science_Fiction
2008	2008	Baxter, Stephen	https://en.wikipedia.org/wiki/Stephen_Baxter	Nominated	"Last Contact"	https://en.wikipedia.org/wiki/Last_Contact	The Solaris Book of New Science Fiction #1	https://en.wikipedia.org/wiki/Solaris_Books
2008	2008	MacLeod, Ken	https://en.wikipedia.org/wiki/Ken_MacLeod	Nominated	"Who's Afraid of Wolf 359?"	https://en.wikipedia.org/wiki/Who%27s_Afraid_of_Wolf_359%3F	The New Space Opera	https://en.wikipedia.org/wiki/The_New_Space_Opera
2008	2008	Resnick, Mike	https://en.wikipedia.org/wiki/Mike_Resnick	Nominated	"Distant Replay"	https://en.wikipedia.org/wiki/Distant_Replay	Asimov's Science Fiction	https://en.wikipedia.org/wiki/Asimov%27s_Science_Fiction
2009	2009	Chiang, Ted	https://en.wikipedia.org/wiki/Ted_Chiang	Won	"Exhalation"	https://en.wikipedia.org/wiki/Exhalation_(short_story)	Eclipse #2 (Night Shade Books)	https://en.wikipedia.org/wiki/Night_Shade_Books
2009	2009	Johnson, Kij	https://en.wikipedia.org/wiki/Kij_Johnson	Nominated	"26 Monkeys, Also the Abyss"	https://en.wikipedia.org/wiki/26_Monkeys,_Also_the_Abyss	Asimov's Science Fiction	https://en.wikipedia.org/wiki/Asimov%27s_Science_Fiction
2009	2009	Swanwick, Michael	https://en.wikipedia.org/wiki/Michael_Swanwick	Nominated	"From Babel's Fall'n Glory We Fled"	https://en.wikipedia.org/wiki/From_Babel%27s_Fall%27n_Glory_We_Fled	Asimov's Science Fiction	https://en.wikipedia.org/wiki/Asimov%27s_Science_Fiction
2009	2009	Kowal, Mary Robinette	https://en.wikipedia.org/wiki/Mary_Robinette_Kowal	Nominated	"Evil Robot Monkey"	https://en.wikipedia.org/wiki/Evil_Robot_Monkey	The Solaris Book of New Science Fiction #2	https://en.wikipedia.org/wiki/Solaris_Books
2009	2009	Resnick, Mike	https://en.wikipedia.org/wiki/Mike_Resnick	Nominated	"Article of Faith"		Jim Baen's Universe	https://en.wikipedia.org/wiki/Jim_Baen%27s_Universe
2010	2010	McIntosh, Will	https://en.wikipedia.org/wiki/Will_McIntosh	Won	"Bridesicle"	https://en.wikipedia.org/wiki/Bridesicle_(short_story)	Asimov's Science Fiction	https://en.wikipedia.org/wiki/Asimov%27s_Science_Fiction
2010	2010	Resnick, Mike	https://en.wikipedia.org/wiki/Mike_Resnick	Nominated	"The Bride of Frankenstein"		Asimov's Science Fiction	https://en.wikipedia.org/wiki/Asimov%27s_Science_Fiction
2010	2010	Schoen, Lawrence M.	https://en.wikipedia.org/wiki/Lawrence_M._Schoen	Nominated	"The Moment"		Footprints (Hadley Rille Books)	https://en.wikipedia.org/wiki/Hadley_Rille_Books
2010	2010	Jemisin, N. K.	https://en.wikipedia.org/wiki/N._K._Jemisin	Nominated	"Non-Zero Probabilities"		Clarkesworld Magazine	https://en.wikipedia.org/wiki/Clarkesworld_Magazine
2010	2010	Johnson, Kij	https://en.wikipedia.org/wiki/Kij_Johnson	Nominated	"Spar"	https://en.wikipedia.org/wiki/Spar_(short_story)	Clarkesworld Magazine	https://en.wikipedia.org/wiki/Clarkesworld_Magazine
2011	2011	Kowal, Mary Robinette	https://en.wikipedia.org/wiki/Mary_Robinette_Kowal	Nominated	"For Want of a Nail"	https://en.wikipedia.org//w/index.php?title=For_Want_of_a_Nail_(short_story)&action=edit&redlink=1	Asimov's Science Fiction	https://en.wikipedia.org/wiki/Asimov%27s_Science_Fiction
2011	2011	Vaughn, Carrie	https://en.wikipedia.org/wiki/Carrie_Vaughn	Nominated	"Amaryllis"		Lightspeed Magazine	https://en.wikipedia.org/wiki/Lightspeed_Magazine
2011	2011	Johnson, Kij	https://en.wikipedia.org/wiki/Kij_Johnson	Nominated	"Ponies"		Tor.com	https://en.wikipedia.org/wiki/Tor_Books
2011	2011	Watts, Peter	https://en.wikipedia.org/wiki/Peter_Watts_(author)	Nominated	"The Things"		Clarkesworld Magazine	https://en.wikipedia.org/wiki/Clarkesworld_Magazine
2012	2012	Liu, Ken	https://en.wikipedia.org/wiki/Ken_Liu	Won	"The Paper Menagerie"	https://en.wikipedia.org//w/index.php?title=The_Paper_Menagerie&action=edit&redlink=1	Fantasy & Science Fiction	https://en.wikipedia.org/wiki/The_Magazine_of_Fantasy_%26_Science_Fiction
2012	2012	Yu, E. Lily	https://en.wikipedia.org/wiki/E._Lily_Yu	Nominated	"The Cartographer Wasps and the Anarchist Bees"		Clarkesworld Magazine	https://en.wikipedia.org/wiki/Clarkesworld_Magazine
2012	2012	Resnick , Mike	https://en.wikipedia.org/wiki/Mike_Resnick	Nominated	"The Homecoming"		Asimov's Science Fiction	https://en.wikipedia.org/wiki/Asimov%27s_Science_Fiction
2012	2012	Fulda, Nancy		Nominated	"Movement"		Asimov's Science Fiction	https://en.wikipedia.org/wiki/Asimov%27s_Science_Fiction
2012	2012	Scalzi, John	https://en.wikipedia.org/wiki/John_Scalzi	Nominated	"Shadow War of the Night Dragons: Book One: The Dead City: Prologue"		Tor.com	https://en.wikipedia.org/wiki/Tor_Books
2013	2013	Liu, Ken	https://en.wikipedia.org/wiki/Ken_Liu	Won	"Mono no Aware"	https://en.wikipedia.org//w/index.php?title=Mono_no_Aware_(story)&action=edit&redlink=1	The Future is Japanese	https://en.wikipedia.org/wiki/Viz_Media
2013	2013	Bodard, Aliette de	https://en.wikipedia.org/wiki/Aliette_de_Bodard	Nominated	"Immersion"		Clarkesworld Magazine	https://en.wikipedia.org/wiki/Clarkesworld_Magazine
2013	2013	Johnson, Kij	https://en.wikipedia.org/wiki/Kij_Johnson	Nominated	"Mantis Wives"		Clarkesworld Magazine	https://en.wikipedia.org/wiki/Clarkesworld_Magazine
2014	2014	Chu, John	https://en.wikipedia.org/wiki/John_Chu	Nominated	"The Water That Falls on You from Nowhere"	https://en.wikipedia.org/wiki/The_Water_That_Falls_on_You_from_Nowhere	Tor.com	https://en.wikipedia.org/wiki/Tor_Books
2014	2014	Swirsky, Rachel	https://en.wikipedia.org/wiki/Rachel_Swirsky	Nominated	"If You Were a Dinosaur, My Love"	https://en.wikipedia.org/wiki/If_You_Were_a_Dinosaur,_My_Love	Apex Magazine	https://en.wikipedia.org/wiki/Apex_Magazine
2014	2014	Heuvelt, Thomas Olde	https://en.wikipedia.org/wiki/Thomas_Olde_Heuvelt	Nominated	"The Ink Readers of Doi Saket"		Tor.com	https://en.wikipedia.org/wiki/Tor_Books
2014	2014	Samatar, Sofia	https://en.wikipedia.org/wiki/Sofia_Samatar	Nominated	"Selkie Stories Are for Losers"		Strange Horizons	https://en.wikipedia.org/wiki/Strange_Horizons
