Year	Year	Author(s)	Author Wikipedia Entry	Won/Nominated	Work	Work Wikipedia Entry	Publisher or publication	Publisher or publication Wikipedia Entry
1968	1968	Farmer, Philip José	https://en.wikipedia.org//wiki/Philip_Jos%C3%A9_Farmer	Won	"Riders of the Purple Wage"	https://en.wikipedia.org//wiki/Riders_of_the_Purple_Wage	Dangerous Visions (Doubleday)	https://en.wikipedia.org//wiki/Dangerous_Visions
1968	1968	McCaffrey, Anne	https://en.wikipedia.org//wiki/Anne_McCaffrey	Won	"Weyr Search"	https://en.wikipedia.org//wiki/Weyr_Search	Analog Science Fact & Fiction	https://en.wikipedia.org//wiki/Analog_Science_Fiction_and_Fact
1968	1968	Zelazny, Roger	https://en.wikipedia.org//wiki/Roger_Zelazny	Nominated	"Damnation Alley"	https://en.wikipedia.org//wiki/Damnation_Alley	Galaxy Science Fiction	https://en.wikipedia.org//wiki/Galaxy_Science_Fiction
1968	1968	Delany, Samuel R.	https://en.wikipedia.org//wiki/Samuel_R._Delany	Nominated	"The Star Pit"		Worlds of Tomorrow	https://en.wikipedia.org//wiki/Worlds_of_Tomorrow_(magazine)
1968	1968	Silverberg, Robert	https://en.wikipedia.org//wiki/Robert_Silverberg	Nominated	"Hawksbill Station"	https://en.wikipedia.org//wiki/Hawksbill_Station	Galaxy Science Fiction	https://en.wikipedia.org//wiki/Galaxy_Science_Fiction
1969	1969	Silverberg, Robert	https://en.wikipedia.org//wiki/Robert_Silverberg	Won	"Nightwings"	https://en.wikipedia.org//wiki/Nightwings	Galaxy Science Fiction	https://en.wikipedia.org//wiki/Galaxy_Science_Fiction
1969	1969	McCaffrey, Anne	https://en.wikipedia.org//wiki/Anne_McCaffrey	Nominated	"Dragonrider"	https://en.wikipedia.org//wiki/Dragonflight	Analog Science Fact & Fiction	https://en.wikipedia.org//wiki/Analog_Science_Fiction_and_Fact
1969	1969	Delany, Samuel R.	https://en.wikipedia.org//wiki/Samuel_R._Delany	Nominated	"Lines of Power"		The Magazine of Fantasy & Science Fiction	https://en.wikipedia.org//wiki/The_Magazine_of_Fantasy_%26_Science_Fiction
1969	1969	McLaughlin, Dean	https://en.wikipedia.org//wiki/Dean_McLaughlin	Nominated	"Hawk Among the Sparrows"		Analog Science Fact & Fiction	https://en.wikipedia.org//wiki/Analog_Science_Fiction_and_Fact
1970	1970	Leiber, Fritz	https://en.wikipedia.org//wiki/Fritz_Leiber	Won	"Ship of Shadows"	https://en.wikipedia.org//w/index.php?title=Ship_of_Shadows&action=edit&redlink=1	The Magazine of Fantasy & Science Fiction	https://en.wikipedia.org//wiki/The_Magazine_of_Fantasy_%26_Science_Fiction
1970	1970	Ellison, Harlan	https://en.wikipedia.org//wiki/Harlan_Ellison	Nominated	"A Boy and His Dog"	https://en.wikipedia.org//wiki/A_Boy_and_His_Dog	The Beast that Shouted Love at the Heart of the World	https://en.wikipedia.org//wiki/The_Beast_that_Shouted_Love_at_the_Heart_of_the_World
1970	1970	Blish, James	https://en.wikipedia.org//wiki/James_Blish	Nominated	"We All Die Naked"		Three for Tomorrow (Meredith Press)
1970	1970	McCaffrey, Anne	https://en.wikipedia.org//wiki/Anne_McCaffrey	Nominated	"Dramatic Mission"		Analog Science Fact & Fiction	https://en.wikipedia.org//wiki/Analog_Science_Fiction_and_Fact
1970	1970	Silverberg, Robert	https://en.wikipedia.org//wiki/Robert_Silverberg	Nominated	"To Jorslem"	https://en.wikipedia.org//wiki/Nightwings	Galaxy Science Fiction	https://en.wikipedia.org//wiki/Galaxy_Science_Fiction
1971	1971	Leiber, Fritz	https://en.wikipedia.org//wiki/Fritz_Leiber	Won	"Ill Met in Lankhmar"	https://en.wikipedia.org//wiki/Ill_Met_in_Lankhmar	The Magazine of Fantasy & Science Fiction	https://en.wikipedia.org//wiki/The_Magazine_of_Fantasy_%26_Science_Fiction
1971	1971	Simak, Clifford D.	https://en.wikipedia.org//wiki/Clifford_D._Simak	Nominated	"The Thing in the Stone"		If	https://en.wikipedia.org//wiki/If_(magazine)
1971	1971	Ellison, Harlan	https://en.wikipedia.org//wiki/Harlan_Ellison	Nominated	"The Region Between"		Galaxy Science Fiction	https://en.wikipedia.org//wiki/Galaxy_Science_Fiction
1971	1971	Silverberg, Robert	https://en.wikipedia.org//wiki/Robert_Silverberg	Nominated	"The World Inside"	https://en.wikipedia.org//wiki/The_World_Inside	Galaxy Science Fiction	https://en.wikipedia.org//wiki/Galaxy_Science_Fiction
1971	1971	Koontz, Dean	https://en.wikipedia.org//wiki/Dean_Koontz	Nominated	"Beastchild"		Venture Science Fiction Magazine	https://en.wikipedia.org//wiki/Venture_Science_Fiction_Magazine
1972	1972	Anderson, Poul	https://en.wikipedia.org//wiki/Poul_Anderson	Won	"The Queen of Air and Darkness"	https://en.wikipedia.org//wiki/The_Queen_of_Air_and_Darkness_(novella)	The Magazine of Fantasy & Science Fiction	https://en.wikipedia.org//wiki/The_Magazine_of_Fantasy_%26_Science_Fiction
1972	1972	Clarke, Arthur C.	https://en.wikipedia.org//wiki/Arthur_C._Clarke	Nominated	"A Meeting with Medusa"	https://en.wikipedia.org//wiki/A_Meeting_with_Medusa	Playboy	https://en.wikipedia.org//wiki/Playboy
1972	1972	Niven, Larry	https://en.wikipedia.org//wiki/Larry_Niven	Nominated	"The Fourth Profession"		Quark/4 (Paperback Library)	https://en.wikipedia.org//wiki/Quark/4
1972	1972	Brunner, John	https://en.wikipedia.org//wiki/John_Brunner_(novelist)	Nominated	"Dread Empire"		Fantastic	https://en.wikipedia.org//wiki/Fantastic_(magazine)
1972	1972	Dozois, Gardner	https://en.wikipedia.org//wiki/Gardner_Dozois	Nominated	"A Special Kind of Morning"		New Dimensions 1 (Doubleday)	https://en.wikipedia.org//wiki/Doubleday_(publisher)
1973	1973	Le Guin, Ursula K.	https://en.wikipedia.org//wiki/Ursula_K._Le_Guin	Won	"The Word for World Is Forest"	https://en.wikipedia.org//wiki/The_Word_for_World_Is_Forest	Again, Dangerous Visions (Doubleday)	https://en.wikipedia.org//wiki/Again,_Dangerous_Visions
1973	1973	Pohl, Frederik	https://en.wikipedia.org//wiki/Frederik_Pohl	Nominated	"The Gold at the Starbow's End"		Analog Science Fact & Fiction	https://en.wikipedia.org//wiki/Analog_Science_Fiction_and_Fact
1973	1973	Wolfe, Gene	https://en.wikipedia.org//wiki/Gene_Wolfe	Nominated	"The Fifth Head of Cerberus"	https://en.wikipedia.org//wiki/The_Fifth_Head_of_Cerberus	Orbit #10 (Putnam Publishing Group)	https://en.wikipedia.org//wiki/Orbit_(anthology_series)#Orbit_10
1973	1973	Haldeman, Joe	https://en.wikipedia.org//wiki/Joe_Haldeman	Nominated	"Hero"		Analog Science Fact & Fiction	https://en.wikipedia.org//wiki/Analog_Science_Fiction_and_Fact
1973	1973	Pournelle, Jerry	https://en.wikipedia.org//wiki/Jerry_Pournelle	Nominated	"The Mercenary"		Analog Science Fact & Fiction	https://en.wikipedia.org//wiki/Analog_Science_Fiction_and_Fact
1974	1974	Tiptree, Jr., James	https://en.wikipedia.org//wiki/James_Tiptree,_Jr.	Won	"The Girl Who Was Plugged In"	https://en.wikipedia.org//wiki/The_Girl_Who_Was_Plugged_In	New Dimensions 3 (Doubleday)	https://en.wikipedia.org//wiki/Doubleday_(publisher)
1974	1974	Wolfe, Gene	https://en.wikipedia.org//wiki/Gene_Wolfe	Nominated	"The Death of Doctor Island"		Universe 3 (Bantam Spectra)	https://en.wikipedia.org//wiki/Bantam_Spectra
1974	1974	Bishop, Michael	https://en.wikipedia.org//wiki/Michael_Bishop_(author)	Nominated	"Death and Designation Among the Asadi"		If	https://en.wikipedia.org//wiki/If_(magazine)
1974	1974	Bishop, Michael	https://en.wikipedia.org//wiki/Michael_Bishop_(author)	Nominated	"The White Otters of Childhood"		The Magazine of Fantasy & Science Fiction	https://en.wikipedia.org//wiki/The_Magazine_of_Fantasy_%26_Science_Fiction
1974	1974	Dozois, Gardner	https://en.wikipedia.org//wiki/Gardner_Dozois	Nominated	"Chains of the Sea"		Chains of the Sea (X-S Books)
1975	1975	Martin, George R. R.	https://en.wikipedia.org//wiki/George_R._R._Martin	Won	"A Song for Lya"	https://en.wikipedia.org//wiki/A_Song_for_Lya	Analog Science Fact & Fiction	https://en.wikipedia.org//wiki/Analog_Science_Fiction_and_Fact
1975	1975	Dozois, Gardner	https://en.wikipedia.org//wiki/Gardner_Dozois	Nominated	"Strangers"		New Dimensions 4 (Doubleday)	https://en.wikipedia.org//wiki/Doubleday_(publisher)
1975	1975	Silverberg, Robert	https://en.wikipedia.org//wiki/Robert_Silverberg	Nominated	"Born with the Dead"		The Magazine of Fantasy & Science Fiction	https://en.wikipedia.org//wiki/The_Magazine_of_Fantasy_%26_Science_Fiction
1975	1975	Spinrad, Norman	https://en.wikipedia.org//wiki/Norman_Spinrad	Nominated	"Riding the Torch"		Threads of Time (Thomas Nelson)	https://en.wikipedia.org//wiki/Thomas_Nelson_(publisher)
1975	1975	Vance, Jack	https://en.wikipedia.org//wiki/Jack_Vance	Nominated	"Assault on a City"		Universe 4 (Bantam Spectra)	https://en.wikipedia.org//wiki/Bantam_Spectra
1976	1976	Zelazny, Roger	https://en.wikipedia.org//wiki/Roger_Zelazny	Won	"Home Is the Hangman"	https://en.wikipedia.org//wiki/My_Name_Is_Legion_(Zelazny_stories)	Analog Science Fact & Fiction	https://en.wikipedia.org//wiki/Analog_Science_Fiction_and_Fact
1976	1976	Martin, George R. R.	https://en.wikipedia.org//wiki/George_R._R._Martin	Nominated	"The Storms of Windhaven"	https://en.wikipedia.org//wiki/Windhaven	Analog Science Fact & Fiction	https://en.wikipedia.org//wiki/Analog_Science_Fiction_and_Fact
1976	1976	Tuttle, Lisa	https://en.wikipedia.org//wiki/Lisa_Tuttle	Nominated	"The Storms of Windhaven"	https://en.wikipedia.org//wiki/Windhaven	Analog Science Fact & Fiction	https://en.wikipedia.org//wiki/Analog_Science_Fiction_and_Fact
1976	1976	Niven, Larry	https://en.wikipedia.org//wiki/Larry_Niven	Nominated	"ARM"	https://en.wikipedia.org//wiki/ARM_(novella)	Epoch (Putnam Publishing Group)	https://en.wikipedia.org//wiki/G._P._Putnam%27s_Sons
1976	1976	Budrys, Algis	https://en.wikipedia.org//wiki/Algis_Budrys	Nominated	"The Silent Eyes of Time"		The Magazine of Fantasy & Science Fiction	https://en.wikipedia.org//wiki/The_Magazine_of_Fantasy_%26_Science_Fiction
1976	1976	Cowper, Richard	https://en.wikipedia.org//wiki/Richard_Cowper	Nominated	"The Custodians"		The Magazine of Fantasy & Science Fiction	https://en.wikipedia.org//wiki/The_Magazine_of_Fantasy_%26_Science_Fiction
1977	1977	Robinson, Spider	https://en.wikipedia.org//wiki/Spider_Robinson	Won	"By Any Other Name"	https://en.wikipedia.org//wiki/Telempath	Analog Science Fact & Fiction	https://en.wikipedia.org//wiki/Analog_Science_Fiction_and_Fact
1977	1977	Tiptree, Jr., James	https://en.wikipedia.org//wiki/James_Tiptree,_Jr.	Won	"Houston, Houston, Do You Read?"	https://en.wikipedia.org//wiki/Houston,_Houston,_Do_You_Read%3F	Aurora: Beyond Equality (Fawcett Publications)	https://en.wikipedia.org//wiki/Fawcett_Publications
1977	1977	Bishop, Michael	https://en.wikipedia.org//wiki/Michael_Bishop_(author)	Nominated	"The Samurai and the Willows"		The Magazine of Fantasy & Science Fiction	https://en.wikipedia.org//wiki/The_Magazine_of_Fantasy_%26_Science_Fiction
1977	1977	Cowper, Richard	https://en.wikipedia.org//wiki/Richard_Cowper	Nominated	"Piper at the Gates of Dawn"		The Magazine of Fantasy & Science Fiction	https://en.wikipedia.org//wiki/The_Magazine_of_Fantasy_%26_Science_Fiction
1978	1978	Robinson, Spider	https://en.wikipedia.org//wiki/Spider_Robinson	Won	"Stardance"	https://en.wikipedia.org//wiki/Stardance	Analog Science Fact & Fiction	https://en.wikipedia.org//wiki/Analog_Science_Fiction_and_Fact
1978	1978	Robinson, Jeanne	https://en.wikipedia.org//wiki/Jeanne_Robinson	Won	"Stardance"	https://en.wikipedia.org//wiki/Stardance	Analog Science Fact & Fiction	https://en.wikipedia.org//wiki/Analog_Science_Fiction_and_Fact
1978	1978	Varley, John	https://en.wikipedia.org//wiki/John_Varley_(author)	Nominated	"In the Hall of the Martian Kings"		The Magazine of Fantasy & Science Fiction	https://en.wikipedia.org//wiki/The_Magazine_of_Fantasy_%26_Science_Fiction
1978	1978	McIntyre, Vonda N.	https://en.wikipedia.org//wiki/Vonda_N._McIntyre	Nominated	"Aztecs"		2076: The American Tricentennial (Pyramid Books)	https://en.wikipedia.org//wiki/Jove_Books
1978	1978	Benford, Gregory	https://en.wikipedia.org//wiki/Gregory_Benford	Nominated	"A Snark in the Night"		The Magazine of Fantasy & Science Fiction	https://en.wikipedia.org//wiki/The_Magazine_of_Fantasy_%26_Science_Fiction
1978	1978	Laumer, Keith	https://en.wikipedia.org//wiki/Keith_Laumer	Nominated	"The Wonderful Secret"		Analog Science Fact & Fiction	https://en.wikipedia.org//wiki/Analog_Science_Fiction_and_Fact
1979	1979	Varley, John	https://en.wikipedia.org//wiki/John_Varley_(author)	Won	"The Persistence of Vision"	https://en.wikipedia.org//wiki/The_Persistence_of_Vision_(short_story)	The Magazine of Fantasy & Science Fiction	https://en.wikipedia.org//wiki/The_Magazine_of_Fantasy_%26_Science_Fiction
1979	1979	Vinge, Joan D.	https://en.wikipedia.org//wiki/Joan_D._Vinge	Nominated	"Fireship"		Analog Science Fact & Fiction	https://en.wikipedia.org//wiki/Analog_Science_Fiction_and_Fact
1979	1979	Priest, Christopher	https://en.wikipedia.org//wiki/Christopher_Priest_(novelist)	Nominated	"The Watched"		The Magazine of Fantasy & Science Fiction	https://en.wikipedia.org//wiki/The_Magazine_of_Fantasy_%26_Science_Fiction
1979	1979	Aldiss, Brian	https://en.wikipedia.org//wiki/Brian_Aldiss	Nominated	"Enemies of the System"		The Magazine of Fantasy & Science Fiction	https://en.wikipedia.org//wiki/The_Magazine_of_Fantasy_%26_Science_Fiction
1979	1979	Wolfe, Gene	https://en.wikipedia.org//wiki/Gene_Wolfe	Nominated	"Seven American Nights"		Orbit #20 (Putnam Publishing Group)	https://en.wikipedia.org//wiki/Orbit_(anthology_series)
1980	1980	Longyear, Barry B.	https://en.wikipedia.org//wiki/Barry_B._Longyear	Won	"Enemy Mine"	https://en.wikipedia.org//wiki/Enemy_Mine_(novella)	Asimov's Science Fiction	https://en.wikipedia.org//wiki/Asimov%27s_Science_Fiction
1980	1980	Card, Orson Scott	https://en.wikipedia.org//wiki/Orson_Scott_Card	Nominated	"Songhouse"		Analog Science Fact & Fiction	https://en.wikipedia.org//wiki/Analog_Science_Fiction_and_Fact
1980	1980	Kingsbury, Donald	https://en.wikipedia.org//wiki/Donald_Kingsbury	Nominated	"The Moon Goddess and the Son"	https://en.wikipedia.org//wiki/The_Moon_Goddess_and_the_Son	Analog Science Fact & Fiction	https://en.wikipedia.org//wiki/Analog_Science_Fiction_and_Fact
1980	1980	Reynolds, Ted	https://en.wikipedia.org//wiki/Ted_Reynolds_(writer)	Nominated	"Ker-Plop"		Asimov's Science Fiction	https://en.wikipedia.org//wiki/Asimov%27s_Science_Fiction
1980	1980	Schenck, Hilbert	https://en.wikipedia.org//wiki/Hilbert_Schenck	Nominated	"The Battle of the Abaco Reefs"		The Magazine of Fantasy & Science Fiction	https://en.wikipedia.org//wiki/The_Magazine_of_Fantasy_%26_Science_Fiction
1981	1981	Dickson, Gordon R.	https://en.wikipedia.org//wiki/Gordon_R._Dickson	Won	"Lost Dorsai"	https://en.wikipedia.org//wiki/Lost_Dorsai	Destinies #2 (Ace Books)	https://en.wikipedia.org//wiki/Ace_Books
1981	1981	Martin, George R. R.	https://en.wikipedia.org//wiki/George_R._R._Martin	Nominated	"One-Wing"	https://en.wikipedia.org//wiki/Windhaven	Analog Science Fact & Fiction	https://en.wikipedia.org//wiki/Analog_Science_Fiction_and_Fact
1981	1981	Tuttle, Lisa	https://en.wikipedia.org//wiki/Lisa_Tuttle	Nominated	"One-Wing"	https://en.wikipedia.org//wiki/Windhaven	Analog Science Fact & Fiction	https://en.wikipedia.org//wiki/Analog_Science_Fiction_and_Fact
1981	1981	Martin, George R. R.	https://en.wikipedia.org//wiki/George_R._R._Martin	Nominated	"Nightflyers"	https://en.wikipedia.org//wiki/Nightflyers	Analog Science Fact & Fiction	https://en.wikipedia.org//wiki/Analog_Science_Fiction_and_Fact
1981	1981	Disch, Thomas	https://en.wikipedia.org//wiki/Thomas_Disch	Nominated	"The Brave Little Toaster"	https://en.wikipedia.org//wiki/The_Brave_Little_Toaster	The Magazine of Fantasy & Science Fiction	https://en.wikipedia.org//wiki/The_Magazine_of_Fantasy_%26_Science_Fiction
1981	1981	Ellison, Harlan	https://en.wikipedia.org//wiki/Harlan_Ellison	Nominated	"All the Lies that Are My Life"		The Magazine of Fantasy & Science Fiction	https://en.wikipedia.org//wiki/The_Magazine_of_Fantasy_%26_Science_Fiction
1982	1982	Anderson, Poul	https://en.wikipedia.org//wiki/Poul_Anderson	Won	"The Saturn Game"	https://en.wikipedia.org//wiki/The_Saturn_Game	Analog Science Fact & Fiction	https://en.wikipedia.org//wiki/Analog_Science_Fiction_and_Fact
1982	1982	Eisenstein, Phyllis	https://en.wikipedia.org//wiki/Phyllis_Eisenstein	Nominated	"In the Western Tradition"		The Magazine of Fantasy & Science Fiction	https://en.wikipedia.org//wiki/The_Magazine_of_Fantasy_%26_Science_Fiction
1982	1982	Varley, John	https://en.wikipedia.org//wiki/John_Varley_(author)	Nominated	"Blue Champagne"	https://en.wikipedia.org//wiki/Eight_Worlds	New Voices #4 (Berkley Books)	https://en.wikipedia.org//wiki/Berkley_Books
1982	1982	Wilhelm, Kate	https://en.wikipedia.org//wiki/Kate_Wilhelm	Nominated	"With Thimbles, With Forks and Hope"		Asimov's Science Fiction	https://en.wikipedia.org//wiki/Asimov%27s_Science_Fiction
1982	1982	Vinge, Vernor	https://en.wikipedia.org//wiki/Vernor_Vinge	Nominated	"True Names"	https://en.wikipedia.org//wiki/True_Names	Binary Star #5 (Dell Publishing)	https://en.wikipedia.org//wiki/Dell_Publishing
1982	1982	Palmer, David R.	https://en.wikipedia.org//wiki/David_R._Palmer	Nominated	"Emergence"	https://en.wikipedia.org//wiki/Emergence_(novel)	Analog Science Fact & Fiction	https://en.wikipedia.org//wiki/Analog_Science_Fiction_and_Fact
1983	1983	Russ, Joanna	https://en.wikipedia.org//wiki/Joanna_Russ	Won	"Souls"	https://en.wikipedia.org//wiki/Souls_(story)	The Magazine of Fantasy & Science Fiction	https://en.wikipedia.org//wiki/The_Magazine_of_Fantasy_%26_Science_Fiction
1983	1983	Brin, David	https://en.wikipedia.org//wiki/David_Brin	Nominated	"The Postman"	https://en.wikipedia.org//wiki/The_Postman	Asimov's Science Fiction	https://en.wikipedia.org//wiki/Asimov%27s_Science_Fiction
1983	1983	Martin, George R. R.	https://en.wikipedia.org//wiki/George_R._R._Martin	Nominated	"Unsound Variations"		Amazing Stories	https://en.wikipedia.org//wiki/Amazing_Stories
1983	1983	Delaney, Joseph H.	https://en.wikipedia.org//wiki/Joseph_H._Delaney	Nominated	"Brainchild"		Analog Science Fact & Fiction	https://en.wikipedia.org//wiki/Analog_Science_Fiction_and_Fact
1983	1983	Robinson, Kim Stanley	https://en.wikipedia.org//wiki/Kim_Stanley_Robinson	Nominated	"To Leave a Mark"		The Magazine of Fantasy & Science Fiction	https://en.wikipedia.org//wiki/The_Magazine_of_Fantasy_%26_Science_Fiction
1983	1983	Kessel, John	https://en.wikipedia.org//wiki/John_Kessel	Nominated	"Another Orphan"		The Magazine of Fantasy & Science Fiction	https://en.wikipedia.org//wiki/The_Magazine_of_Fantasy_%26_Science_Fiction
1984	1984	Zahn, Timothy	https://en.wikipedia.org//wiki/Timothy_Zahn	Won	"Cascade Point"	https://en.wikipedia.org//w/index.php?title=Cascade_Point&action=edit&redlink=1	Analog Science Fact & Fiction	https://en.wikipedia.org//wiki/Analog_Science_Fiction_and_Fact
1984	1984	Bear, Greg	https://en.wikipedia.org//wiki/Greg_Bear	Nominated	"Hardfought"		Asimov's Science Fiction	https://en.wikipedia.org//wiki/Asimov%27s_Science_Fiction
1984	1984	Delaney, Joseph H.	https://en.wikipedia.org//wiki/Joseph_H._Delaney	Nominated	"In the Face of My Enemy"		Analog Science Fact & Fiction	https://en.wikipedia.org//wiki/Analog_Science_Fiction_and_Fact
1984	1984	Palmer, David R.	https://en.wikipedia.org//wiki/David_R._Palmer	Nominated	"Seeking"		Analog Science Fact & Fiction	https://en.wikipedia.org//wiki/Analog_Science_Fiction_and_Fact
1984	1984	Schenck, Hilbert	https://en.wikipedia.org//wiki/Hilbert_Schenck	Nominated	"Hurricane Claude"		The Magazine of Fantasy & Science Fiction	https://en.wikipedia.org//wiki/The_Magazine_of_Fantasy_%26_Science_Fiction
1985	1985	Varley, John	https://en.wikipedia.org//wiki/John_Varley_(author)	Won	"Press Enter ■"	https://en.wikipedia.org//w/index.php?title=Press_Enter&action=edit&redlink=1	Asimov's Science Fiction	https://en.wikipedia.org//wiki/Asimov%27s_Science_Fiction
1985	1985	Brin, David	https://en.wikipedia.org//wiki/David_Brin	Nominated	"Cyclops"		Asimov's Science Fiction	https://en.wikipedia.org//wiki/Asimov%27s_Science_Fiction
1985	1985	Delaney, Joseph H.	https://en.wikipedia.org//wiki/Joseph_H._Delaney	Nominated	"Valentina"		Analog Science Fact & Fiction	https://en.wikipedia.org//wiki/Analog_Science_Fiction_and_Fact
1985	1985	Stiegler, Marc	https://en.wikipedia.org//wiki/Marc_Stiegler	Nominated	"Valentina"	https://en.wikipedia.org//w/index.php?title=Press_Enter&action=edit&redlink=1	Analog Science Fact & Fiction	https://en.wikipedia.org//wiki/Analog_Science_Fiction_and_Fact
1985	1985	Harness, Charles L.	https://en.wikipedia.org//wiki/Charles_L._Harness	Nominated	"Summer Solstice"		Analog Science Fact & Fiction	https://en.wikipedia.org//wiki/Analog_Science_Fiction_and_Fact
1985	1985	Landis, Geoffrey A.	https://en.wikipedia.org//wiki/Geoffrey_A._Landis	Nominated	"Elemental"		Analog Science Fact & Fiction	https://en.wikipedia.org//wiki/Analog_Science_Fiction_and_Fact
1986	1986	Zelazny, Roger	https://en.wikipedia.org//wiki/Roger_Zelazny	Won	"24 Views of Mt. Fuji, by Hokusai"	https://en.wikipedia.org//wiki/24_Views_of_Mt._Fuji,_by_Hokusai	Asimov's Science Fiction	https://en.wikipedia.org//wiki/Asimov%27s_Science_Fiction
1986	1986	Silverberg, Robert	https://en.wikipedia.org//wiki/Robert_Silverberg	Nominated	"Sailing to Byzantium"	https://en.wikipedia.org//w/index.php?title=Sailing_to_Byzantium_(novella)&action=edit&redlink=1	Asimov's Science Fiction	https://en.wikipedia.org//wiki/Asimov%27s_Science_Fiction
1986	1986	Tiptree, Jr., James	https://en.wikipedia.org//wiki/James_Tiptree,_Jr.	Nominated	"The Only Neat Thing to Do"		The Magazine of Fantasy & Science Fiction	https://en.wikipedia.org//wiki/The_Magazine_of_Fantasy_%26_Science_Fiction
1986	1986	Robinson, Kim Stanley	https://en.wikipedia.org//wiki/Kim_Stanley_Robinson	Nominated	"Green Mars"	https://en.wikipedia.org//wiki/Mars_trilogy	Analog Science Fact & Fiction	https://en.wikipedia.org//wiki/Analog_Science_Fiction_and_Fact
1986	1986	Cherryh, C. J.	https://en.wikipedia.org//wiki/C._J._Cherryh	Nominated	"The Scapegoat"	https://en.wikipedia.org//wiki/The_Scapegoat_(novella)	Alien Stars (Baen Books)	https://en.wikipedia.org//wiki/Baen_Books
1987	1987	Silverberg, Robert	https://en.wikipedia.org//wiki/Robert_Silverberg	Won	"Gilgamesh in the Outback"	https://en.wikipedia.org//wiki/Gilgamesh_in_the_Outback	Asimov's Science Fiction	https://en.wikipedia.org//wiki/Asimov%27s_Science_Fiction
1987	1987	Robinson, Kim Stanley	https://en.wikipedia.org//wiki/Kim_Stanley_Robinson	Nominated	"Escape from Kathmandu"	https://en.wikipedia.org//wiki/Escape_from_Kathmandu	Asimov's Science Fiction	https://en.wikipedia.org//wiki/Asimov%27s_Science_Fiction
1987	1987	Shepard, Lucius	https://en.wikipedia.org//wiki/Lucius_Shepard	Nominated	"R&R"		Asimov's Science Fiction	https://en.wikipedia.org//wiki/Asimov%27s_Science_Fiction
1987	1987	Willis, Connie	https://en.wikipedia.org//wiki/Connie_Willis	Nominated	"Spice Pogrom"		Asimov's Science Fiction	https://en.wikipedia.org//wiki/Asimov%27s_Science_Fiction
1987	1987	Flynn, Michael F.	https://en.wikipedia.org//wiki/Michael_F._Flynn	Nominated	"Eifelheim"	https://en.wikipedia.org//wiki/Eifelheim_(novel)	Analog Science Fact & Fiction	https://en.wikipedia.org//wiki/Analog_Science_Fiction_and_Fact
1988	1988	Card, Orson Scott	https://en.wikipedia.org//wiki/Orson_Scott_Card	Won	"Eye for Eye"	https://en.wikipedia.org//wiki/Eye_for_Eye	Asimov's Science Fiction	https://en.wikipedia.org//wiki/Asimov%27s_Science_Fiction
1988	1988	Silverberg, Robert	https://en.wikipedia.org//wiki/Robert_Silverberg	Nominated	"The Secret Sharer"	https://en.wikipedia.org//wiki/The_Secret_Sharer	Asimov's Science Fiction	https://en.wikipedia.org//wiki/Asimov%27s_Science_Fiction
1988	1988	Robinson, Kim Stanley	https://en.wikipedia.org//wiki/Kim_Stanley_Robinson	Nominated	"The Blind Geometer"		Asimov's Science Fiction	https://en.wikipedia.org//wiki/Asimov%27s_Science_Fiction
1988	1988	Robinson, Kim Stanley	https://en.wikipedia.org//wiki/Kim_Stanley_Robinson	Nominated	"Mother Goddess of the World"		Asimov's Science Fiction	https://en.wikipedia.org//wiki/Asimov%27s_Science_Fiction
1988	1988	Flynn, Michael F.	https://en.wikipedia.org//wiki/Michael_F._Flynn	Nominated	"The Forest of Time"	https://en.wikipedia.org//wiki/The_Forest_of_Time	Analog Science Fact & Fiction	https://en.wikipedia.org//wiki/Analog_Science_Fiction_and_Fact
1989	1989	Willis, Connie	https://en.wikipedia.org//wiki/Connie_Willis	Won	"The Last of the Winnebagos"	https://en.wikipedia.org//wiki/The_Last_of_the_Winnebagos	Asimov's Science Fiction	https://en.wikipedia.org//wiki/Asimov%27s_Science_Fiction
1989	1989	Shepard, Lucius	https://en.wikipedia.org//wiki/Lucius_Shepard	Nominated	"The Scalehunter's Beautiful Daughter"		Asimov's Science Fiction	https://en.wikipedia.org//wiki/Asimov%27s_Science_Fiction
1989	1989	Spinrad, Norman	https://en.wikipedia.org//wiki/Norman_Spinrad	Nominated	"Journals of the Plague Years"		Full Spectrum (Doubleday)	https://en.wikipedia.org//wiki/Full_Spectrum
1989	1989	Denton, Bradley	https://en.wikipedia.org//wiki/Bradley_Denton	Nominated	"The Calvin Coolidge Home for Dead Comedians"		Fantasy & Science Fiction	https://en.wikipedia.org//wiki/The_Magazine_of_Fantasy_%26_Science_Fiction
1989	1989	Williams, Walter Jon	https://en.wikipedia.org//wiki/Walter_Jon_Williams	Nominated	"Surfacing"		Asimov's Science Fiction	https://en.wikipedia.org//wiki/Asimov%27s_Science_Fiction
1990	1990	Bujold, Lois McMaster	https://en.wikipedia.org//wiki/Lois_McMaster_Bujold	Won	"The Mountains of Mourning"	https://en.wikipedia.org//wiki/The_Mountains_of_Mourning	Analog Science Fact & Fiction	https://en.wikipedia.org//wiki/Analog_Science_Fiction_and_Fact
1990	1990	Shepard, Lucius	https://en.wikipedia.org//wiki/Lucius_Shepard	Nominated	"The Father of Stones"		Asimov's Science Fiction	https://en.wikipedia.org//wiki/Asimov%27s_Science_Fiction
1990	1990	Lindholm, Megan	https://en.wikipedia.org//wiki/Megan_Lindholm	Nominated	"A Touch of Lavender"		Asimov's Science Fiction	https://en.wikipedia.org//wiki/Asimov%27s_Science_Fiction
1990	1990	Willis, Connie	https://en.wikipedia.org//wiki/Connie_Willis	Nominated	"Time-Out"		Asimov's Science Fiction	https://en.wikipedia.org//wiki/Asimov%27s_Science_Fiction
1990	1990	Moffett, Judith	https://en.wikipedia.org//wiki/Judith_Moffett	Nominated	"Tiny Tango"		Asimov's Science Fiction	https://en.wikipedia.org//wiki/Asimov%27s_Science_Fiction
1991	1991	Haldeman, Joe	https://en.wikipedia.org//wiki/Joe_Haldeman	Won	"The Hemingway Hoax"	https://en.wikipedia.org//wiki/The_Hemingway_Hoax	Asimov's Science Fiction	https://en.wikipedia.org//wiki/Asimov%27s_Science_Fiction
1991	1991	Resnick, Mike	https://en.wikipedia.org//wiki/Mike_Resnick	Nominated	"Bully!"		Asimov's Science Fiction	https://en.wikipedia.org//wiki/Asimov%27s_Science_Fiction
1991	1991	Robinson, Kim Stanley	https://en.wikipedia.org//wiki/Kim_Stanley_Robinson	Nominated	"A Short, Sharp Shock"	https://en.wikipedia.org//wiki/A_Short,_Sharp_Shock	Asimov's Science Fiction	https://en.wikipedia.org//wiki/Asimov%27s_Science_Fiction
1991	1991	Murphy, Pat	https://en.wikipedia.org//wiki/Pat_Murphy_(writer)	Nominated	"Bones"		Asimov's Science Fiction	https://en.wikipedia.org//wiki/Asimov%27s_Science_Fiction
1991	1991	Cadigan, Pat	https://en.wikipedia.org//wiki/Pat_Cadigan	Nominated	"Fool to Believe"		Asimov's Science Fiction	https://en.wikipedia.org//wiki/Asimov%27s_Science_Fiction
1992	1992	Kress, Nancy	https://en.wikipedia.org//wiki/Nancy_Kress	Won	"Beggars in Spain"	https://en.wikipedia.org//wiki/Beggars_in_Spain	Asimov's Science Fiction	https://en.wikipedia.org//wiki/Asimov%27s_Science_Fiction
1992	1992	Rusch, Kristine Kathryn	https://en.wikipedia.org//wiki/Kristine_Kathryn_Rusch	Nominated	"The Gallery of His Dreams"		Asimov's Science Fiction	https://en.wikipedia.org//wiki/Asimov%27s_Science_Fiction
1992	1992	Willis, Connie	https://en.wikipedia.org//wiki/Connie_Willis	Nominated	"Jack"		Asimov's Science Fiction	https://en.wikipedia.org//wiki/Asimov%27s_Science_Fiction
1992	1992	Swanwick, Michael	https://en.wikipedia.org//wiki/Michael_Swanwick	Nominated	Griffin's Egg		St. Martin's Press	https://en.wikipedia.org//wiki/St._Martin%27s_Press
1992	1992	Kress, Nancy	https://en.wikipedia.org//wiki/Nancy_Kress	Nominated	"And Wild for to Hold"		Asimov's Science Fiction	https://en.wikipedia.org//wiki/Asimov%27s_Science_Fiction
1993	1993	Shepard, Lucius	https://en.wikipedia.org//wiki/Lucius_Shepard	Won	"Barnacle Bill the Spacer"	https://en.wikipedia.org//w/index.php?title=Barnacle_Bill_the_Spacer&action=edit&redlink=1	Asimov's Science Fiction	https://en.wikipedia.org//wiki/Asimov%27s_Science_Fiction
1993	1993	Pohl, Frederik	https://en.wikipedia.org//wiki/Frederik_Pohl	Nominated	Stopping at Slowyear	https://en.wikipedia.org//wiki/Stopping_at_Slowyear	Bantam Spectra	https://en.wikipedia.org//wiki/Bantam_Spectra
1993	1993	McHugh, Maureen F.	https://en.wikipedia.org//wiki/Maureen_F._McHugh	Nominated	"Protection"		Asimov's Science Fiction	https://en.wikipedia.org//wiki/Asimov%27s_Science_Fiction
1993	1993	Carroll, Jonathan	https://en.wikipedia.org//wiki/Jonathan_Carroll	Nominated	"Uh-Oh City"		Fantasy & Science Fiction	https://en.wikipedia.org//wiki/The_Magazine_of_Fantasy_%26_Science_Fiction
1993	1993	Denton, Bradley	https://en.wikipedia.org//wiki/Bradley_Denton	Nominated	"The Territory"		Fantasy & Science Fiction	https://en.wikipedia.org//wiki/The_Magazine_of_Fantasy_%26_Science_Fiction
1994	1994	Turtledove, Harry	https://en.wikipedia.org//wiki/Harry_Turtledove	Won	"Down in the Bottomlands"	https://en.wikipedia.org//wiki/Down_in_the_Bottomlands	Analog Science Fiction and Fact	https://en.wikipedia.org//wiki/Analog_Science_Fiction_and_Fact
1994	1994	Williams, Walter Jon	https://en.wikipedia.org//wiki/Walter_Jon_Williams	Nominated	"Wall, Stone, Craft"		Fantasy & Science Fiction	https://en.wikipedia.org//wiki/The_Magazine_of_Fantasy_%26_Science_Fiction
1994	1994	Nordley, G. David	https://en.wikipedia.org//wiki/G._David_Nordley	Nominated	"Into the Miranda Rift"		Analog Science Fiction and Fact	https://en.wikipedia.org//wiki/Analog_Science_Fiction_and_Fact
1994	1994	Cady, Jack	https://en.wikipedia.org//wiki/Jack_Cady	Nominated	"The Night We Buried Road Dog"		Fantasy & Science Fiction	https://en.wikipedia.org//wiki/The_Magazine_of_Fantasy_%26_Science_Fiction
1994	1994	Murphy, Pat	https://en.wikipedia.org//wiki/Pat_Murphy_(writer)	Nominated	"An American Childhood"		Asimov's Science Fiction	https://en.wikipedia.org//wiki/Asimov%27s_Science_Fiction
1994	1994	Ellison, Harlan	https://en.wikipedia.org//wiki/Harlan_Ellison	Nominated	"Mefisto In Onyx"		Omni	https://en.wikipedia.org//wiki/Omni_(magazine)
1995	1995	Resnick, Mike	https://en.wikipedia.org//wiki/Mike_Resnick	Won	"Seven Views of Olduvai Gorge"	https://en.wikipedia.org//wiki/Seven_Views_of_Olduvai_Gorge	Fantasy & Science Fiction	https://en.wikipedia.org//wiki/The_Magazine_of_Fantasy_%26_Science_Fiction
1995	1995	Stableford, Brian	https://en.wikipedia.org//wiki/Brian_Stableford	Nominated	"Les Fleurs du Mal"		Asimov's Science Fiction	https://en.wikipedia.org//wiki/Asimov%27s_Science_Fiction
1995	1995	Le Guin, Ursula K.	https://en.wikipedia.org//wiki/Ursula_K._Le_Guin	Nominated	"Forgiveness Day"	https://en.wikipedia.org//wiki/Four_Ways_to_Forgiveness	Asimov's Science Fiction	https://en.wikipedia.org//wiki/Asimov%27s_Science_Fiction
1995	1995	Bishop, Michael	https://en.wikipedia.org//wiki/Michael_Bishop_(author)	Nominated	"Cri de Coeur"		Asimov's Science Fiction	https://en.wikipedia.org//wiki/Asimov%27s_Science_Fiction
1995	1995	Flynn, Michael F.	https://en.wikipedia.org//wiki/Michael_F._Flynn	Nominated	"Melodies of the Heart"		Analog Science Fiction and Fact	https://en.wikipedia.org//wiki/Analog_Science_Fiction_and_Fact
1996	1996	Steele, Allen	https://en.wikipedia.org//wiki/Allen_Steele	Won	"The Death of Captain Future"	https://en.wikipedia.org//w/index.php?title=The_Death_of_Captain_Future&action=edit&redlink=1	Asimov's Science Fiction	https://en.wikipedia.org//wiki/Asimov%27s_Science_Fiction
1996	1996	Le Guin, Ursula K.	https://en.wikipedia.org//wiki/Ursula_K._Le_Guin	Nominated	"A Woman's Liberation"		Asimov's Science Fiction	https://en.wikipedia.org//wiki/Asimov%27s_Science_Fiction
1996	1996	Resnick, Mike	https://en.wikipedia.org//wiki/Mike_Resnick	Nominated	"Bibi"		Asimov's Science Fiction	https://en.wikipedia.org//wiki/Asimov%27s_Science_Fiction
1996	1996	Shwartz, Susan	https://en.wikipedia.org//wiki/Susan_Shwartz	Nominated	"Bibi"	https://en.wikipedia.org//w/index.php?title=The_Death_of_Captain_Future&action=edit&redlink=1	Asimov's Science Fiction	https://en.wikipedia.org//wiki/Asimov%27s_Science_Fiction
1996	1996	Le Guin, Ursula K.	https://en.wikipedia.org//wiki/Ursula_K._Le_Guin	Nominated	"A Man of the People"	https://en.wikipedia.org//wiki/A_Man_of_the_People_(short_story)	Asimov's Science Fiction	https://en.wikipedia.org//wiki/Asimov%27s_Science_Fiction
1996	1996	Kress, Nancy	https://en.wikipedia.org//wiki/Nancy_Kress	Nominated	"Fault Lines"		Asimov's Science Fiction	https://en.wikipedia.org//wiki/Asimov%27s_Science_Fiction
1997	1997	Martin, George R. R.	https://en.wikipedia.org//wiki/George_R._R._Martin	Won	"Blood of the Dragon"	https://en.wikipedia.org//w/index.php?title=Blood_of_the_Dragon_(novella)&action=edit&redlink=1	Asimov's Science Fiction	https://en.wikipedia.org//wiki/Asimov%27s_Science_Fiction
1997	1997	McDevitt, Jack	https://en.wikipedia.org//wiki/Jack_McDevitt	Nominated	"Time Travelers Never Die"		Asimov's Science Fiction	https://en.wikipedia.org//wiki/Asimov%27s_Science_Fiction
1997	1997	Benford, Gregory	https://en.wikipedia.org//wiki/Gregory_Benford	Nominated	"Immersion"		SF Age
1997	1997	Oltion, Jerry	https://en.wikipedia.org//wiki/Jerry_Oltion	Nominated	"Abandon in Place"		Fantasy & Science Fiction	https://en.wikipedia.org//wiki/The_Magazine_of_Fantasy_%26_Science_Fiction
1997	1997	Rosenblum, Mary	https://en.wikipedia.org//wiki/Mary_Rosenblum	Nominated	"Gas Fish"		Asimov's Science Fiction	https://en.wikipedia.org//wiki/Asimov%27s_Science_Fiction
1997	1997	McHugh, Maureen F.	https://en.wikipedia.org//wiki/Maureen_F._McHugh	Nominated	"The Cost to Be Wise"		Starlight #1 (Tor Books)	https://en.wikipedia.org//wiki/Starlight_(anthology_series)
1998	1998	Steele, Allen	https://en.wikipedia.org//wiki/Allen_Steele	Won	"...Where Angels Fear to Tread"	https://en.wikipedia.org//w/index.php?title=...Where_Angels_Fear_to_Tread&action=edit&redlink=1	Asimov's Science Fiction	https://en.wikipedia.org//wiki/Asimov%27s_Science_Fiction
1998	1998	Castro, Adam-Troy	https://en.wikipedia.org//wiki/Adam-Troy_Castro	Nominated	"The Funeral March of the Marionettes"		Fantasy & Science Fiction	https://en.wikipedia.org//wiki/The_Magazine_of_Fantasy_%26_Science_Fiction
1998	1998	Landis, Geoffrey A.	https://en.wikipedia.org//wiki/Geoffrey_A._Landis	Nominated	"Ecopoiesis"		SF Age
1998	1998	Levinson, Paul	https://en.wikipedia.org//wiki/Paul_Levinson	Nominated	"Loose Ends"		Analog Science Fiction and Fact	https://en.wikipedia.org//wiki/Analog_Science_Fiction_and_Fact
1998	1998	Reed, Robert	https://en.wikipedia.org//wiki/Robert_Reed_(author)	Nominated	"Marrow"		SF Age
1999	1999	Egan, Greg	https://en.wikipedia.org//wiki/Greg_Egan	Won	"Oceanic"	https://en.wikipedia.org//wiki/Oceanic_(novella)	Asimov's Science Fiction	https://en.wikipedia.org//wiki/Asimov%27s_Science_Fiction
1999	1999	Asaro, Catherine	https://en.wikipedia.org//wiki/Catherine_Asaro	Nominated	"Aurora in Four Voices"	https://en.wikipedia.org//wiki/Aurora_in_Four_Voices	Analog Science Fiction and Fact	https://en.wikipedia.org//wiki/Analog_Science_Fiction_and_Fact
1999	1999	Chiang, Ted	https://en.wikipedia.org//wiki/Ted_Chiang	Nominated	"Story of Your Life"	https://en.wikipedia.org//wiki/Story_of_Your_Life	Starlight #2 (Tor Books)	https://en.wikipedia.org//wiki/Starlight_(anthology_series)
1999	1999	Bisson, Terry	https://en.wikipedia.org//wiki/Terry_Bisson	Nominated	"Get Me to the Church on Time"		Asimov's Science Fiction	https://en.wikipedia.org//wiki/Asimov%27s_Science_Fiction
1999	1999	MacLeod, Ian R.	https://en.wikipedia.org//wiki/Ian_R._MacLeod	Nominated	"The Summer Isles"		Asimov's Science Fiction	https://en.wikipedia.org//wiki/Asimov%27s_Science_Fiction
2000	2000	Willis, Connie	https://en.wikipedia.org//wiki/Connie_Willis	Won	"The Winds of Marble Arch"	https://en.wikipedia.org//wiki/The_Winds_of_Marble_Arch	Asimov's Science Fiction	https://en.wikipedia.org//wiki/Asimov%27s_Science_Fiction
2000	2000	Turtledove, Harry	https://en.wikipedia.org//wiki/Harry_Turtledove	Nominated	"Forty, Counting Down"		Asimov's Science Fiction	https://en.wikipedia.org//wiki/Asimov%27s_Science_Fiction
2000	2000	Castro, Adam-Troy	https://en.wikipedia.org//wiki/Adam-Troy_Castro	Nominated	"The Astronaut from Wyoming"		Analog Science Fiction and Fact	https://en.wikipedia.org//wiki/Analog_Science_Fiction_and_Fact
2000	2000	Oltion, Jerry	https://en.wikipedia.org//wiki/Jerry_Oltion	Nominated	"The Astronaut from Wyoming"	https://en.wikipedia.org//wiki/The_Winds_of_Marble_Arch	Analog Science Fiction and Fact	https://en.wikipedia.org//wiki/Analog_Science_Fiction_and_Fact
2000	2000	Resnick, Mike	https://en.wikipedia.org//wiki/Mike_Resnick	Nominated	"Hunting the Snark"		Asimov's Science Fiction	https://en.wikipedia.org//wiki/Asimov%27s_Science_Fiction
2000	2000	Baker, Kage	https://en.wikipedia.org//wiki/Kage_Baker	Nominated	"Son Observe the Time"		Asimov's Science Fiction	https://en.wikipedia.org//wiki/Asimov%27s_Science_Fiction
2001	2001	Williamson, Jack	https://en.wikipedia.org//wiki/Jack_Williamson	Won	"The Ultimate Earth"	https://en.wikipedia.org//w/index.php?title=The_Ultimate_Earth&action=edit&redlink=1	Analog Science Fiction and Fact	https://en.wikipedia.org//wiki/Analog_Science_Fiction_and_Fact
2001	2001	Asaro, Catherine	https://en.wikipedia.org//wiki/Catherine_Asaro	Nominated	"A Roll of the Dice"		Analog Science Fiction and Fact	https://en.wikipedia.org//wiki/Analog_Science_Fiction_and_Fact
2001	2001	Rusch, Kristine Kathryn	https://en.wikipedia.org//wiki/Kristine_Kathryn_Rusch	Nominated	"The Retrieval Artist"		Analog Science Fiction and Fact	https://en.wikipedia.org//wiki/Analog_Science_Fiction_and_Fact
2001	2001	Egan, Greg	https://en.wikipedia.org//wiki/Greg_Egan	Nominated	"Oracle"		Asimov's Science Fiction	https://en.wikipedia.org//wiki/Asimov%27s_Science_Fiction
2001	2001	Chiang, Ted	https://en.wikipedia.org//wiki/Ted_Chiang	Nominated	"Seventy-Two Letters"		Vanishing Acts (Tor Books)	https://en.wikipedia.org//wiki/Tor_Books
2001	2001	Shepard, Lucius	https://en.wikipedia.org//wiki/Lucius_Shepard	Nominated	"Radiant Green Star"		Asimov's Science Fiction	https://en.wikipedia.org//wiki/Asimov%27s_Science_Fiction
2002	2002	Vinge, Vernor	https://en.wikipedia.org//wiki/Vernor_Vinge	Won	"Fast Times at Fairmont High"	https://en.wikipedia.org//wiki/Fast_Times_at_Fairmont_High	The Collected Stories of Vernor Vinge	https://en.wikipedia.org//wiki/The_Collected_Stories_of_Vernor_Vinge
2002	2002	Steele, Allen	https://en.wikipedia.org//wiki/Allen_Steele	Nominated	"Stealing Alabama"		Asimov's Science Fiction	https://en.wikipedia.org//wiki/Asimov%27s_Science_Fiction
2002	2002	Clough, Brenda	https://en.wikipedia.org//wiki/Brenda_Clough	Nominated	"May Be Some Time"	https://en.wikipedia.org//wiki/May_Be_Some_Time	Analog Science Fiction and Fact	https://en.wikipedia.org//wiki/Analog_Science_Fiction_and_Fact
2002	2002	Duncan, Andy	https://en.wikipedia.org//wiki/Andy_Duncan_(writer)	Nominated	"The Chief Designer"	https://en.wikipedia.org//wiki/The_Chief_Designer_(novella)	Asimov's Science Fiction	https://en.wikipedia.org//wiki/Asimov%27s_Science_Fiction
2002	2002	Dann, Jack	https://en.wikipedia.org//wiki/Jack_Dann	Nominated	"The Diamond Pit"	https://en.wikipedia.org//wiki/The_Diamond_Pit	Jubilee (Tor Books)	https://en.wikipedia.org//wiki/Jubilee_(collection)
2003	2003	Gaiman, Neil	https://en.wikipedia.org//wiki/Neil_Gaiman	Won	Coraline	https://en.wikipedia.org//wiki/Coraline	HarperCollins	https://en.wikipedia.org//wiki/HarperCollins
2003	2003	Chwedyk, Richard	https://en.wikipedia.org//wiki/Richard_Chwedyk	Nominated	"Brontë's Egg"		Fantasy & Science Fiction	https://en.wikipedia.org//wiki/The_Magazine_of_Fantasy_%26_Science_Fiction
2003	2003	MacLeod, Ian R.	https://en.wikipedia.org//wiki/Ian_R._MacLeod	Nominated	"Breathmoss"		Asimov's Science Fiction	https://en.wikipedia.org//wiki/Asimov%27s_Science_Fiction
2003	2003	Filippo, Paul Di	https://en.wikipedia.org//wiki/Paul_Di_Filippo	Nominated	A Year in the Linear City		PS Publishing	https://en.wikipedia.org//wiki/PS_Publishing
2003	2003	Finlay, Charles Coleman	https://en.wikipedia.org//wiki/Charles_Coleman_Finlay	Nominated	"The Political Officer"		Fantasy & Science Fiction	https://en.wikipedia.org//wiki/The_Magazine_of_Fantasy_%26_Science_Fiction
2003	2003	Forde, Pat		Nominated	"In Spirit"		Analog Science Fiction and Fact	https://en.wikipedia.org//wiki/Analog_Science_Fiction_and_Fact
2004	2004	Vinge, Vernor	https://en.wikipedia.org//wiki/Vernor_Vinge	Won	"The Cookie Monster"	https://en.wikipedia.org//wiki/The_Cookie_Monster_(novella)	Analog Science Fiction and Fact	https://en.wikipedia.org//wiki/Analog_Science_Fiction_and_Fact
2004	2004	Baker, Kage	https://en.wikipedia.org//wiki/Kage_Baker	Nominated	"The Empress of Mars"	https://en.wikipedia.org//wiki/The_Empress_of_Mars	Asimov's Science Fiction	https://en.wikipedia.org//wiki/Asimov%27s_Science_Fiction
2004	2004	Willis, Connie	https://en.wikipedia.org//wiki/Connie_Willis	Nominated	"Just Like the Ones We Used to Know"		Asimov's Science Fiction	https://en.wikipedia.org//wiki/Asimov%27s_Science_Fiction
2004	2004	Williams, Walter Jon	https://en.wikipedia.org//wiki/Walter_Jon_Williams	Nominated	"The Green Leopard Plague"	https://en.wikipedia.org//wiki/The_Green_Leopard_Plague	Asimov's Science Fiction	https://en.wikipedia.org//wiki/Asimov%27s_Science_Fiction
2004	2004	Asaro, Catherine	https://en.wikipedia.org//wiki/Catherine_Asaro	Nominated	"Walk in Silence"		Analog Science Fiction and Fact	https://en.wikipedia.org//wiki/Analog_Science_Fiction_and_Fact
2005	2005	Stross, Charles	https://en.wikipedia.org//wiki/Charles_Stross	Won	"The Concrete Jungle"	https://en.wikipedia.org//wiki/The_Concrete_Jungle	The Atrocity Archives	https://en.wikipedia.org//wiki/The_Atrocity_Archives
2005	2005	Denton, Bradley	https://en.wikipedia.org//wiki/Bradley_Denton	Nominated	"Sergeant Chip"	https://en.wikipedia.org//wiki/Sergeant_Chip	Fantasy & Science Fiction	https://en.wikipedia.org//wiki/The_Magazine_of_Fantasy_%26_Science_Fiction
2005	2005	Stross, Charles	https://en.wikipedia.org//wiki/Charles_Stross	Nominated	"Elector"	https://en.wikipedia.org//wiki/Accelerando_(novel)#Plot_summary	Asimov's Science Fiction	https://en.wikipedia.org//wiki/Asimov%27s_Science_Fiction
2005	2005	Bujold, Lois McMaster	https://en.wikipedia.org//wiki/Lois_McMaster_Bujold	Nominated	"Winterfair Gifts"	https://en.wikipedia.org//wiki/Vorkosigan_Saga#.22Winterfair_Gifts.22	Irresistible Forces (New American Library)	https://en.wikipedia.org//wiki/New_American_Library
2005	2005	Burstein, Michael A.	https://en.wikipedia.org//wiki/Michael_A._Burstein	Nominated	"Time Ablaze"		Analog Science Fiction and Fact	https://en.wikipedia.org//wiki/Analog_Science_Fiction_and_Fact
2006	2006	Willis, Connie	https://en.wikipedia.org//wiki/Connie_Willis	Won	"Inside Job"	https://en.wikipedia.org//wiki/Inside_Job_(novella)	Asimov's Science Fiction	https://en.wikipedia.org//wiki/Asimov%27s_Science_Fiction
2006	2006	Kelly, James Patrick	https://en.wikipedia.org//wiki/James_Patrick_Kelly	Nominated	Burn	https://en.wikipedia.org//wiki/Burn_(novella)	Tachyon Publications	https://en.wikipedia.org//wiki/Tachyon_Publications
2006	2006	Link, Kelly	https://en.wikipedia.org//wiki/Kelly_Link	Nominated	"Magic for Beginners"	https://en.wikipedia.org//wiki/Magic_for_Beginners_(novella)	Magic for Beginners (Small Beer Press)	https://en.wikipedia.org//wiki/Magic_for_Beginners_(anthology)
2006	2006	McDonald, Ian	https://en.wikipedia.org//wiki/Ian_McDonald_(author)	Nominated	"The Little Goddess"		Asimov's Science Fiction	https://en.wikipedia.org//wiki/Asimov%27s_Science_Fiction
2006	2006	Sawyer, Robert J.	https://en.wikipedia.org//wiki/Robert_J._Sawyer	Nominated	"Identity Theft"		Down These Dark Spaceways (Science Fiction Book Club)	https://en.wikipedia.org//wiki/Science_Fiction_Book_Club
2007	2007	Reed, Robert	https://en.wikipedia.org//wiki/Robert_Reed_(author)	Won	"A Billion Eves"	https://en.wikipedia.org//w/index.php?title=A_Billion_Eves&action=edit&redlink=1	Asimov's Science Fiction	https://en.wikipedia.org//wiki/Asimov%27s_Science_Fiction
2007	2007	Swanwick, Michael	https://en.wikipedia.org//wiki/Michael_Swanwick	Nominated	"Lord Weary's Empire"		Asimov's Science Fiction	https://en.wikipedia.org//wiki/Asimov%27s_Science_Fiction
2007	2007	Wilson, Robert Charles	https://en.wikipedia.org//wiki/Robert_Charles_Wilson	Nominated	Julian: A Christmas Story	https://en.wikipedia.org//wiki/Julian:_A_Christmas_Story	PS Publishing	https://en.wikipedia.org//wiki/PS_Publishing
2007	2007	Melko, Paul	https://en.wikipedia.org//wiki/Paul_Melko	Nominated	"The Walls of the Universe"		Asimov's Science Fiction	https://en.wikipedia.org//wiki/Asimov%27s_Science_Fiction
2007	2007	Shunn, William	https://en.wikipedia.org//wiki/William_Shunn	Nominated	"Inclination"	https://en.wikipedia.org//wiki/Inclination_(novella)	Asimov's Science Fiction	https://en.wikipedia.org//wiki/Asimov%27s_Science_Fiction
2008	2008	Willis, Connie	https://en.wikipedia.org//wiki/Connie_Willis	Won	"All Seated on the Ground"	https://en.wikipedia.org//wiki/All_Seated_on_the_Ground	Asimov's Science Fiction	https://en.wikipedia.org//wiki/Asimov%27s_Science_Fiction
2008	2008	Rusch, Kristine Kathryn	https://en.wikipedia.org//wiki/Kristine_Kathryn_Rusch	Nominated	"Recovering Apollo 8"		Asimov's Science Fiction	https://en.wikipedia.org//wiki/Asimov%27s_Science_Fiction
2008	2008	Kress, Nancy	https://en.wikipedia.org//wiki/Nancy_Kress	Nominated	"Fountain of Age"	https://en.wikipedia.org//wiki/Fountain_of_Age	Asimov's Science Fiction	https://en.wikipedia.org//wiki/Asimov%27s_Science_Fiction
2008	2008	Shepard, Lucius	https://en.wikipedia.org//wiki/Lucius_Shepard	Nominated	"Stars Seen Through Stone"		Fantasy & Science Fiction	https://en.wikipedia.org//wiki/The_Magazine_of_Fantasy_%26_Science_Fiction
2008	2008	Wolfe, Gene	https://en.wikipedia.org//wiki/Gene_Wolfe	Nominated	"Memorare"	https://en.wikipedia.org//wiki/Memorare_(novella)	Fantasy & Science Fiction	https://en.wikipedia.org//wiki/The_Magazine_of_Fantasy_%26_Science_Fiction
2009	2009	Kress, Nancy	https://en.wikipedia.org//wiki/Nancy_Kress	Won	"The Erdmann Nexus"	https://en.wikipedia.org//w/index.php?title=The_Erdmann_Nexus&action=edit&redlink=1	Asimov's Science Fiction	https://en.wikipedia.org//wiki/Asimov%27s_Science_Fiction
2009	2009	Reed, Robert	https://en.wikipedia.org//wiki/Robert_Reed_(author)	Nominated	"Truth"		Asimov's Science Fiction	https://en.wikipedia.org//wiki/Asimov%27s_Science_Fiction
2009	2009	McDonald, Ian	https://en.wikipedia.org//wiki/Ian_McDonald_(author)	Nominated	"The Tear"		Galactic Empires (Science Fiction Book Club)	https://en.wikipedia.org//wiki/Galactic_Empires_(anthology)
2009	2009	Rosenbaum, Benjamin	https://en.wikipedia.org//wiki/Benjamin_Rosenbaum	Nominated	"True Names"		Fast Forward 2 (Pyr)	https://en.wikipedia.org//wiki/Pyr_(publisher)
2009	2009	Doctorow, Cory	https://en.wikipedia.org//wiki/Cory_Doctorow	Nominated	"True Names"	https://en.wikipedia.org//w/index.php?title=The_Erdmann_Nexus&action=edit&redlink=1	Fast Forward 2 (Pyr)	https://en.wikipedia.org//wiki/Pyr_(publisher)
2009	2009	Finlay, Charles Coleman	https://en.wikipedia.org//wiki/Charles_Coleman_Finlay	Nominated	"The Political Prisoner"		Fantasy & Science Fiction	https://en.wikipedia.org//wiki/The_Magazine_of_Fantasy_%26_Science_Fiction
2010	2010	Stross, Charles	https://en.wikipedia.org//wiki/Charles_Stross	Won	"Palimpsest"	https://en.wikipedia.org//wiki/Palimpsest_(novella)	Wireless (Ace Books)	https://en.wikipedia.org//wiki/Wireless:_The_Essential_Charles_Stross
2010	2010	Kress, Nancy	https://en.wikipedia.org//wiki/Nancy_Kress	Nominated	"Act One"		Asimov's Science Fiction	https://en.wikipedia.org//wiki/Asimov%27s_Science_Fiction
2010	2010	Scalzi, John	https://en.wikipedia.org//wiki/John_Scalzi	Nominated	The God Engines	https://en.wikipedia.org//wiki/The_God_Engines	Subterranean Press	https://en.wikipedia.org//wiki/Subterranean_Press
2010	2010	Morrow, James	https://en.wikipedia.org//wiki/James_Morrow	Nominated	Shambling Towards Hiroshima		Tachyon Publications	https://en.wikipedia.org//wiki/Tachyon_Publications
2010	2010	McDonald, Ian	https://en.wikipedia.org//wiki/Ian_McDonald_(author)	Nominated	"Vishnu at the Cat Circus"		Cyberabad Days (Pyr)	https://en.wikipedia.org//wiki/Pyr_(publisher)
2010	2010	Baker, Kage	https://en.wikipedia.org//wiki/Kage_Baker	Nominated	The Women of Nell Gwynne's		Subterranean Press	https://en.wikipedia.org//wiki/Subterranean_Press
2011	2011	Chiang, Ted	https://en.wikipedia.org//wiki/Ted_Chiang	Won	The Lifecycle of Software Objects	https://en.wikipedia.org//wiki/The_Lifecycle_of_Software_Objects	Subterranean Press	https://en.wikipedia.org//wiki/Subterranean_Press
2011	2011	Swirsky, Rachel	https://en.wikipedia.org//wiki/Rachel_Swirsky	Nominated	"The Lady Who Plucked Red Flowers beneath the Queen's Window"	https://en.wikipedia.org//wiki/The_Lady_Who_Plucked_Red_Flowers_beneath_the_Queen%27s_Window	Subterranean Magazine	https://en.wikipedia.org//wiki/Subterranean_Magazine
2011	2011	Hand, Elizabeth	https://en.wikipedia.org//wiki/Elizabeth_Hand	Nominated	"The Maiden Flight of McCauley's Bellerophon"	https://en.wikipedia.org//wiki/The_Maiden_Flight_of_McCauley%27s_Bellerophon	Stories: New Tales (Morrow)	https://en.wikipedia.org//wiki/William_Morrow_and_Company
2011	2011	Landis, Geoffrey A.	https://en.wikipedia.org//wiki/Geoffrey_A._Landis	Nominated	"The Sultan of the Clouds"		Asimov's Science Fiction	https://en.wikipedia.org//wiki/Asimov%27s_Science_Fiction
2011	2011	Reynolds, Alastair	https://en.wikipedia.org//wiki/Alastair_Reynolds	Nominated	"Troika"		Godlike Machines (Science Fiction Book Club)	https://en.wikipedia.org//wiki/Book_of_the_Month_Club
2012	2012	Johnson, Kij	https://en.wikipedia.org//wiki/Kij_Johnson	Won	"The Man Who Bridged the Mist"	https://en.wikipedia.org//wiki/The_Man_Who_Bridged_the_Mist	Asimov's Science Fiction	https://en.wikipedia.org//wiki/Asimov%27s_Science_Fiction
2012	2012	Grant, Mira	https://en.wikipedia.org//wiki/Seanan_McGuire	Nominated	Countdown		Orbit Books	https://en.wikipedia.org//wiki/Orbit_Books
2012	2012	Gilman, Carolyn Ives		Nominated	"The Ice Owl"		Fantasy & Science Fiction	https://en.wikipedia.org//wiki/The_Magazine_of_Fantasy_%26_Science_Fiction
2012	2012	Kowal, Mary Robinette	https://en.wikipedia.org//wiki/Mary_Robinette_Kowal	Nominated	"Kiss Me Twice"		Asimov's Science Fiction	https://en.wikipedia.org//wiki/Asimov%27s_Science_Fiction
2012	2012	Liu, Ken	https://en.wikipedia.org//wiki/Ken_Liu	Nominated	"The Man Who Ended History: A Documentary"		Panverse 3 (Panverse Publishing)
2012	2012	Valente, Catherynne M.	https://en.wikipedia.org//wiki/Catherynne_M._Valente	Nominated	Silently and Very Fast		WSFA Press	https://en.wikipedia.org//wiki/Washington_Science_Fiction_Association
2013	2013	Sanderson, Brandon	https://en.wikipedia.org//wiki/Brandon_Sanderson	Won	The Emperor's Soul	https://en.wikipedia.org//wiki/The_Emperor%27s_Soul	Tachyon Publications	https://en.wikipedia.org//wiki/Tachyon_Publications
2013	2013	Kress, Nancy	https://en.wikipedia.org//wiki/Nancy_Kress	Nominated	After the Fall, Before the Fall, During the Fall		Tachyon Publications	https://en.wikipedia.org//wiki/Tachyon_Publications
2013	2013	Bodard, Aliette de	https://en.wikipedia.org//wiki/Aliette_de_Bodard	Nominated	On a Red Station, Drifting		Immersion Press
2013	2013	Grant, Mira	https://en.wikipedia.org//wiki/Seanan_McGuire	Nominated	San Diego 2014: The Last Stand of the California Browncoats		Orbit Books	https://en.wikipedia.org//wiki/Orbit_Books
2013	2013	Lake, Jay	https://en.wikipedia.org//wiki/Jay_Lake	Nominated	"The Stars Do Not Lie"		Asimov's Science Fiction	https://en.wikipedia.org//wiki/Asimov%27s_Science_Fiction
2014	2014	Stross, Charles	https://en.wikipedia.org//wiki/Charles_Stross	Won	"Equoid"	https://en.wikipedia.org//w/index.php?title=Equoid_(novella)&action=edit&redlink=1	Tor.com	https://en.wikipedia.org//wiki/Tor_Books
2014	2014	Wells, Dan	https://en.wikipedia.org//wiki/Dan_Wells_(author)	Nominated	The Butcher of Khardov		Privateer Press	https://en.wikipedia.org//wiki/Privateer_Press
2014	2014	Torgersen, Brad R.	https://en.wikipedia.org//wiki/Brad_R._Torgersen	Nominated	"The Chaplain's Legacy"		Analog Science Fiction and Fact	https://en.wikipedia.org//wiki/Analog_Science_Fiction_and_Fact
2014	2014	Valente, Catherynne M.	https://en.wikipedia.org//wiki/Catherynne_M._Valente	Nominated	Six-Gun Snow White		Subterranean Press	https://en.wikipedia.org//wiki/Subterranean_Press
2014	2014	Duncan, Andy	https://en.wikipedia.org//wiki/Andy_Duncan_(writer)	Nominated	"Wakulla Springs"		Tor.com	https://en.wikipedia.org//wiki/Tor_Books
2014	2014	Klages, Ellen	https://en.wikipedia.org//wiki/Ellen_Klages	Nominated	"Wakulla Springs"	https://en.wikipedia.org//w/index.php?title=Equoid_(novella)&action=edit&redlink=1	Tor.com	https://en.wikipedia.org//wiki/Tor_Books
