Year awarded	Year	Author(s)	Author Wikipedia Entry	Won/Nominated	Work	Work Wikipedia Entry	Publisher or publication	Publisher or publication Wikipedia Entry
1966	1966	Aldiss, Brian	https://en.wikipedia.org/wiki/Brian_Aldiss	Won	"The Saliva Tree"	https://en.wikipedia.org//w/index.php?title=The_Saliva_Tree&action=edit&redlink=1	The Magazine of Fantasy & Science Fiction	https://en.wikipedia.org/wiki/The_Magazine_of_Fantasy_%26_Science_Fiction
1966	1966	Zelazny, Roger	https://en.wikipedia.org/wiki/Roger_Zelazny	Won	"He Who Shapes"	https://en.wikipedia.org/wiki/The_Dream_Master	Amazing Stories	https://en.wikipedia.org/wiki/Amazing_Stories
1966	1966	Davidson, Avram	https://en.wikipedia.org/wiki/Avram_Davidson	Nominated	"Rogue Dragon"		The Magazine of Fantasy & Science Fiction	https://en.wikipedia.org/wiki/The_Magazine_of_Fantasy_%26_Science_Fiction
1966	1966	Delany, Samuel R.	https://en.wikipedia.org/wiki/Samuel_R._Delany	Nominated	The Ballad of Beta-2	https://en.wikipedia.org/wiki/The_Ballad_of_Beta-2	Ace Books	https://en.wikipedia.org/wiki/Ace_Books
1966	1966	MacApp, C. C.	https://en.wikipedia.org/wiki/C._C._MacApp	Nominated	"The Mercurymen"		Galaxy Science Fiction	https://en.wikipedia.org/wiki/Galaxy_Science_Fiction
1966	1966	Pohl, Frederik	https://en.wikipedia.org/wiki/Frederik_Pohl	Nominated	"Under Two Moons"		If	https://en.wikipedia.org/wiki/If_(magazine)
1966	1966	Vogt, A. E. van	https://en.wikipedia.org/wiki/A._E._van_Vogt	Nominated	"Research Alpha"		If	https://en.wikipedia.org/wiki/If_(magazine)
1966	1966	Schmitz, James H.	https://en.wikipedia.org/wiki/James_H._Schmitz	Nominated	"Research Alpha"	https://en.wikipedia.org/wiki/The_Ballad_of_Beta-2	If	https://en.wikipedia.org/wiki/If_(magazine)
1966	1966	Smith, Cordwainer	https://en.wikipedia.org/wiki/Cordwainer_Smith	Nominated	"On the Storm Planet"		Galaxy Science Fiction	https://en.wikipedia.org/wiki/Galaxy_Science_Fiction
1967	1967	Vance, Jack	https://en.wikipedia.org/wiki/Jack_Vance	Won	"The Last Castle"	https://en.wikipedia.org/wiki/The_Last_Castle_(novella)	Galaxy Science Fiction	https://en.wikipedia.org/wiki/Galaxy_Science_Fiction
1967	1967	Davidson, Avram	https://en.wikipedia.org/wiki/Avram_Davidson	Nominated	Clash of Star-Kings		Ace Books	https://en.wikipedia.org/wiki/Ace_Books
1967	1967	Harness, Charles L.	https://en.wikipedia.org/wiki/Charles_L._Harness	Nominated	"The Alchemist"		Analog Science Fact & Fiction	https://en.wikipedia.org/wiki/Analog_Science_Fiction_and_Fact
1968	1968	Moorcock, Michael	https://en.wikipedia.org/wiki/Michael_Moorcock	Won	"Behold the Man"	https://en.wikipedia.org/wiki/Behold_the_Man_(novel)	New Worlds	https://en.wikipedia.org/wiki/New_Worlds_(magazine)
1968	1968	Farmer, Philip José	https://en.wikipedia.org/wiki/Philip_Jos%C3%A9_Farmer	Nominated	"Riders of the Purple Wage"	https://en.wikipedia.org/wiki/Riders_of_the_Purple_Wage	Dangerous Visions (Doubleday)	https://en.wikipedia.org/wiki/Dangerous_Visions
1968	1968	McCaffrey, Anne	https://en.wikipedia.org/wiki/Anne_McCaffrey	Nominated	"Weyr Search"	https://en.wikipedia.org/wiki/Dragonflight	Analog Science Fact & Fiction	https://en.wikipedia.org/wiki/Analog_Science_Fiction_and_Fact
1968	1968	Silverberg, Robert	https://en.wikipedia.org/wiki/Robert_Silverberg	Nominated	"Hawksbill Station"	https://en.wikipedia.org/wiki/Hawksbill_Station	Galaxy Science Fiction	https://en.wikipedia.org/wiki/Galaxy_Science_Fiction
1968	1968	Sturgeon, Theodore	https://en.wikipedia.org/wiki/Theodore_Sturgeon	Nominated	"If All Men Were Brothers, Would You Let One Marry Your Sister?"	https://en.wikipedia.org/wiki/If_All_Men_Were_Brothers,_Would_You_Let_One_Marry_Your_Sister%3F	Dangerous Visions (Doubleday)	https://en.wikipedia.org/wiki/Dangerous_Visions
1969	1969	McCaffrey, Anne	https://en.wikipedia.org/wiki/Anne_McCaffrey	Won	"Dragonrider"	https://en.wikipedia.org/wiki/Dragonflight	Analog Science Fact & Fiction	https://en.wikipedia.org/wiki/Analog_Science_Fiction_and_Fact
1969	1969	Delany, Samuel R.	https://en.wikipedia.org/wiki/Samuel_R._Delany	Nominated	"Lines of Power"		The Magazine of Fantasy & Science Fiction	https://en.wikipedia.org/wiki/The_Magazine_of_Fantasy_%26_Science_Fiction
1969	1969	Laumer, Keith	https://en.wikipedia.org/wiki/Keith_Laumer	Nominated	"The Day Before Forever"		The Day Before Forever and Thunderhead	https://en.wikipedia.org/wiki/Doubleday_(publisher)
1969	1969	McLaughlin, Dean	https://en.wikipedia.org/wiki/Dean_McLaughlin	Nominated	"Hawk Among the Sparrows"		Analog Science Fact & Fiction	https://en.wikipedia.org/wiki/Analog_Science_Fiction_and_Fact
1969	1969	Silverberg, Robert	https://en.wikipedia.org/wiki/Robert_Silverberg	Nominated	"Nightwings"	https://en.wikipedia.org/wiki/Nightwings	Galaxy Science Fiction	https://en.wikipedia.org/wiki/Galaxy_Science_Fiction
1970	1970	Ellison, Harlan	https://en.wikipedia.org/wiki/Harlan_Ellison	Won	"A Boy and His Dog"	https://en.wikipedia.org/wiki/A_Boy_and_His_Dog	The Beast that Shouted Love at the Heart of the World	https://en.wikipedia.org/wiki/The_Beast_that_Shouted_Love_at_the_Heart_of_the_World
1970	1970	Harness, Charles L.	https://en.wikipedia.org/wiki/Charles_L._Harness	Nominated	"Probable Cause"		Orbit 4	https://en.wikipedia.org/wiki/Orbit_(anthology_series)#Orbit_4
1970	1970	Leiber, Fritz	https://en.wikipedia.org/wiki/Fritz_Leiber	Nominated	"Ship of Shadows"		The Magazine of Fantasy & Science Fiction	https://en.wikipedia.org/wiki/The_Magazine_of_Fantasy_%26_Science_Fiction
1970	1970	McCaffrey, Anne	https://en.wikipedia.org/wiki/Anne_McCaffrey	Nominated	"Dramatic Mission"		Analog Science Fact & Fiction	https://en.wikipedia.org/wiki/Analog_Science_Fiction_and_Fact
1970	1970	Silverberg, Robert	https://en.wikipedia.org/wiki/Robert_Silverberg	Nominated	"To Jorslem"		Galaxy Science Fiction	https://en.wikipedia.org/wiki/Galaxy_Science_Fiction
1971	1971	Leiber, Fritz	https://en.wikipedia.org/wiki/Fritz_Leiber	Won	"Ill Met in Lankhmar"	https://en.wikipedia.org/wiki/Ill_Met_in_Lankhmar	The Magazine of Fantasy & Science Fiction	https://en.wikipedia.org/wiki/The_Magazine_of_Fantasy_%26_Science_Fiction
1971	1971	Anderson, Poul	https://en.wikipedia.org/wiki/Poul_Anderson	Nominated	"The Fatal Fulfillment"		The Magazine of Fantasy & Science Fiction	https://en.wikipedia.org/wiki/The_Magazine_of_Fantasy_%26_Science_Fiction
1971	1971	Blish, James	https://en.wikipedia.org/wiki/James_Blish	Nominated	"A Style in Treason"		Anywhen (Doubleday)	https://en.wikipedia.org/wiki/Doubleday_(publisher)
1971	1971	Ellison, Harlan	https://en.wikipedia.org/wiki/Harlan_Ellison	Nominated	"The Region Between"		Galaxy Science Fiction	https://en.wikipedia.org/wiki/Galaxy_Science_Fiction
1971	1971	Simak, Clifford D.	https://en.wikipedia.org/wiki/Clifford_D._Simak	Nominated	"The Thing in the Stone"		If	https://en.wikipedia.org/wiki/If_(magazine)
1971	1971	Wilhelm, Kate	https://en.wikipedia.org/wiki/Kate_Wilhelm	Nominated	"April Fool's Day Forever"		Orbit 7	https://en.wikipedia.org/wiki/Orbit_(anthology_series)#Orbit_7
1972	1972	MacLean, Katherine	https://en.wikipedia.org/wiki/Katherine_MacLean	Won	"The Missing Man"	https://en.wikipedia.org//w/index.php?title=The_Missing_Man&action=edit&redlink=1	Analog Science Fact & Fiction	https://en.wikipedia.org/wiki/Analog_Science_Fiction_and_Fact
1972	1972	Kosinski, Jerzy	https://en.wikipedia.org/wiki/Jerzy_Kosinski	Nominated	Being There		Harcourt Brace Jovanovich	https://en.wikipedia.org/wiki/Harcourt_(publisher)#Harcourt_Brace_Jovanovich
1972	1972	Roberts, Keith	https://en.wikipedia.org/wiki/Keith_Roberts	Nominated	"The God House"		New Worlds Quarterly #1	https://en.wikipedia.org/wiki/New_Worlds_(magazine)
1972	1972	Wilhelm, Kate	https://en.wikipedia.org/wiki/Kate_Wilhelm	Nominated	"The Infinity Box"		Orbit 9	https://en.wikipedia.org/wiki/Orbit_(anthology_series)#Orbit_9
1972	1972	Wilhelm, Kate	https://en.wikipedia.org/wiki/Kate_Wilhelm	Nominated	"The Plastic Abyss"		Abyss (Doubleday)	https://en.wikipedia.org/wiki/Doubleday_(publisher)
1973	1973	Clarke, Arthur C.	https://en.wikipedia.org/wiki/Arthur_C._Clarke	Won	"A Meeting with Medusa"	https://en.wikipedia.org/wiki/A_Meeting_with_Medusa	Playboy	https://en.wikipedia.org/wiki/Playboy
1973	1973	Gotlieb, Phyllis	https://en.wikipedia.org/wiki/Phyllis_Gotlieb	Nominated	"Son of the Morning"	https://en.wikipedia.org/wiki/Heroes_in_Hell	The Magazine of Fantasy & Science Fiction	https://en.wikipedia.org/wiki/The_Magazine_of_Fantasy_%26_Science_Fiction
1973	1973	Le Guin, Ursula K.	https://en.wikipedia.org/wiki/Ursula_K._Le_Guin	Nominated	"The Word for World Is Forest"	https://en.wikipedia.org/wiki/The_Word_for_World_Is_Forest	Again, Dangerous Visions (Doubleday)	https://en.wikipedia.org/wiki/Again,_Dangerous_Visions
1973	1973	Lupoff, Richard A.	https://en.wikipedia.org/wiki/Richard_A._Lupoff	Nominated	"With the Bentfin Boomer Boys on Little Old New Alabama"	https://en.wikipedia.org/wiki/Space_War_Blues	Again, Dangerous Visions (Doubleday)	https://en.wikipedia.org/wiki/Again,_Dangerous_Visions
1973	1973	Pohl, Frederik	https://en.wikipedia.org/wiki/Frederik_Pohl	Nominated	"The Gold at the Starbow's End"		Analog Science Fact & Fiction	https://en.wikipedia.org/wiki/Analog_Science_Fiction_and_Fact
1973	1973	Wolfe, Gene	https://en.wikipedia.org/wiki/Gene_Wolfe	Nominated	"The Fifth Head of Cerberus"	https://en.wikipedia.org/wiki/The_Fifth_Head_of_Cerberus	Orbit 10 (G. P. Putnam's Sons)	https://en.wikipedia.org/wiki/Orbit_(anthology_series)#Orbit_10
1974	1974	Wolfe, Gene	https://en.wikipedia.org/wiki/Gene_Wolfe	Won	"The Death of Doctor Island"	https://en.wikipedia.org//w/index.php?title=The_Death_of_Doctor_Island&action=edit&redlink=1	Universe 3	https://en.wikipedia.org/wiki/Universe_3
1974	1974	Bishop, Michael	https://en.wikipedia.org/wiki/Michael_Bishop_(author)	Nominated	"Death and Designation Among the Asadi"		If	https://en.wikipedia.org/wiki/If_(magazine)
1974	1974	Bishop, Michael	https://en.wikipedia.org/wiki/Michael_Bishop_(author)	Nominated	"The White Otters of Childhood"		The Magazine of Fantasy & Science Fiction	https://en.wikipedia.org/wiki/The_Magazine_of_Fantasy_%26_Science_Fiction
1974	1974	Dann, Jack	https://en.wikipedia.org/wiki/Jack_Dann	Nominated	"Junction"		Fantastic	https://en.wikipedia.org/wiki/Fantastic_(magazine)
1974	1974	Dozois, Gardner	https://en.wikipedia.org/wiki/Gardner_Dozois	Nominated	"Chains of the Sea"		Chains of the Sea (Thomas Nelson)	https://en.wikipedia.org/wiki/Thomas_Nelson_(publisher)
1975	1975	Silverberg, Robert	https://en.wikipedia.org/wiki/Robert_Silverberg	Won	"Born with the Dead"	https://en.wikipedia.org//w/index.php?title=Born_with_the_Dead&action=edit&redlink=1	The Magazine of Fantasy & Science Fiction	https://en.wikipedia.org/wiki/The_Magazine_of_Fantasy_%26_Science_Fiction
1975	1975	Bishop, Michael	https://en.wikipedia.org/wiki/Michael_Bishop_(author)	Nominated	"On the Street of the Serpents"		Science Fiction Emphasis 1 (Ballantine Books)	https://en.wikipedia.org/wiki/Ballantine_Books
1975	1975	Martin, George R. R.	https://en.wikipedia.org/wiki/George_R._R._Martin	Nominated	"A Song for Lya"	https://en.wikipedia.org/wiki/A_Song_for_Lya	Analog Science Fact & Fiction	https://en.wikipedia.org/wiki/Analog_Science_Fiction_and_Fact
1976	1976	Zelazny, Roger	https://en.wikipedia.org/wiki/Roger_Zelazny	Won	"Home Is the Hangman"	https://en.wikipedia.org//w/index.php?title=Home_Is_the_Hangman&action=edit&redlink=1	Analog Science Fact & Fiction	https://en.wikipedia.org/wiki/Analog_Science_Fiction_and_Fact
1976	1976	Carlson, William K.		Nominated	"Sunrise West"		Vertex
1976	1976	Tuttle, Lisa	https://en.wikipedia.org/wiki/Lisa_Tuttle	Nominated	"The Storms of Windhaven"	https://en.wikipedia.org/wiki/Windhaven	Analog Science Fact & Fiction	https://en.wikipedia.org/wiki/Analog_Science_Fiction_and_Fact
1976	1976	Martin, George R. R.	https://en.wikipedia.org/wiki/George_R._R._Martin	Nominated	"The Storms of Windhaven"	https://en.wikipedia.org/wiki/Windhaven	Analog Science Fact & Fiction	https://en.wikipedia.org/wiki/Analog_Science_Fiction_and_Fact
1976	1976	Tiptree, Jr., James	https://en.wikipedia.org/wiki/James_Tiptree,_Jr.	Nominated	"A Momentary Taste of Being"	https://en.wikipedia.org/wiki/A_Momentary_Taste_of_Being	The New Atlantis (Hawthorn Books)
1977	1977	Tiptree, Jr., James	https://en.wikipedia.org/wiki/James_Tiptree,_Jr.	Won	"Houston, Houston, Do You Read?"	https://en.wikipedia.org/wiki/Houston,_Houston,_Do_You_Read%3F	Aurora: Beyond Equality (Gold Medal Books)	https://en.wikipedia.org/wiki/Gold_Medal_Books
1977	1977	Bishop, Michael	https://en.wikipedia.org/wiki/Michael_Bishop_(author)	Nominated	"The Samurai and the Willows"		The Magazine of Fantasy & Science Fiction	https://en.wikipedia.org/wiki/The_Magazine_of_Fantasy_%26_Science_Fiction
1977	1977	Cowper, Richard	https://en.wikipedia.org/wiki/John_Middleton_Murry,_Jr.	Nominated	"Piper at the Gates of Dawn"		The Magazine of Fantasy & Science Fiction	https://en.wikipedia.org/wiki/The_Magazine_of_Fantasy_%26_Science_Fiction
1977	1977	Wolfe, Gene	https://en.wikipedia.org/wiki/Gene_Wolfe	Nominated	"The Eyeflash Miracles"		Future Power (Random House)	https://en.wikipedia.org/wiki/Random_House
1978	1978	Robinson, Spider	https://en.wikipedia.org/wiki/Spider_Robinson	Won	"Stardance"	https://en.wikipedia.org/wiki/Stardance	Analog Science Fact & Fiction	https://en.wikipedia.org/wiki/Analog_Science_Fiction_and_Fact
1978	1978	Robinson, Jeanne	https://en.wikipedia.org/wiki/Jeanne_Robinson	Won	"Stardance"	https://en.wikipedia.org/wiki/Stardance	Analog Science Fact & Fiction	https://en.wikipedia.org/wiki/Analog_Science_Fiction_and_Fact
1978	1978	McIntyre, Vonda N.	https://en.wikipedia.org/wiki/Vonda_N._McIntyre	Nominated	"Aztecs"		2076: The American Tricentennial (Pyramid Books)	https://en.wikipedia.org/wiki/Jove_Books
1979	1979	Varley, John	https://en.wikipedia.org/wiki/John_Varley_(author)	Won	"The Persistence of Vision"	https://en.wikipedia.org//w/index.php?title=The_Persistence_of_Vision_(story)&action=edit&redlink=1	The Magazine of Fantasy & Science Fiction	https://en.wikipedia.org/wiki/The_Magazine_of_Fantasy_%26_Science_Fiction
1979	1979	Wolfe, Gene	https://en.wikipedia.org/wiki/Gene_Wolfe	Nominated	"Seven American Nights"		Orbit 20 (Harper & Row)	https://en.wikipedia.org/wiki/Orbit_(anthology_series)#Orbit_20
1980	1980	Longyear, Barry B.	https://en.wikipedia.org/wiki/Barry_B._Longyear	Won	"Enemy Mine"	https://en.wikipedia.org/wiki/Enemy_Mine_(novella)	Asimov's Science Fiction	https://en.wikipedia.org/wiki/Asimov%27s_Science_Fiction
1980	1980	Delany, Samuel R.	https://en.wikipedia.org/wiki/Samuel_R._Delany	Nominated	"The Tale of Gorgik"	https://en.wikipedia.org/wiki/Return_to_Nev%C3%A8r%C3%BFon	Asimov's SF Adventure Magazine	https://en.wikipedia.org/wiki/Asimov%27s_SF_Adventure_Magazine
1980	1980	Pohl, Frederik	https://en.wikipedia.org/wiki/Frederik_Pohl	Nominated	"Mars Masked"		Asimov's Science Fiction	https://en.wikipedia.org/wiki/Asimov%27s_Science_Fiction
1980	1980	Schenck, Hilbert	https://en.wikipedia.org/wiki/Hilbert_Schenck	Nominated	"The Battle of the Abaco Reefs"		The Magazine of Fantasy & Science Fiction	https://en.wikipedia.org/wiki/The_Magazine_of_Fantasy_%26_Science_Fiction
1980	1980	Vinge, Joan D.	https://en.wikipedia.org/wiki/Joan_D._Vinge	Nominated	"Fireship"		Analog Science Fact & Fiction	https://en.wikipedia.org/wiki/Analog_Science_Fiction_and_Fact
1980	1980	Wilson, Richard	https://en.wikipedia.org/wiki/Richard_Wilson_(author)	Nominated	"The Story Writer"		Destinies
1981	1981	Charnas, Suzy McKee	https://en.wikipedia.org/wiki/Suzy_McKee_Charnas	Won	"Unicorn Tapestry"	https://en.wikipedia.org/wiki/Unicorn_Tapestry	New Dimensions 11 (Pocket Books)	https://en.wikipedia.org/wiki/Pocket_Books
1981	1981	Davidson, Avram	https://en.wikipedia.org/wiki/Avram_Davidson	Nominated	"There Beneath the Silky-Trees and Whelmed in Deeper Gulphs Than Me"		Other Worlds 2 (Zebra Books)	https://en.wikipedia.org/wiki/Kensington_Books
1981	1981	Dickson, Gordon R.	https://en.wikipedia.org/wiki/Gordon_R._Dickson	Nominated	"Lost Dorsai"	https://en.wikipedia.org/wiki/Lost_Dorsai	Destinies
1981	1981	Disch, Thomas M.	https://en.wikipedia.org/wiki/Thomas_M._Disch	Nominated	"The Brave Little Toaster"	https://en.wikipedia.org/wiki/The_Brave_Little_Toaster	The Magazine of Fantasy & Science Fiction	https://en.wikipedia.org/wiki/The_Magazine_of_Fantasy_%26_Science_Fiction
1981	1981	Randall, Marta	https://en.wikipedia.org/wiki/Marta_Randall	Nominated	"Dangerous Games"		The Magazine of Fantasy & Science Fiction	https://en.wikipedia.org/wiki/The_Magazine_of_Fantasy_%26_Science_Fiction
1981	1981	Shea, Michael	https://en.wikipedia.org/wiki/Michael_Shea_(author)	Nominated	"The Autopsy"		The Magazine of Fantasy & Science Fiction	https://en.wikipedia.org/wiki/The_Magazine_of_Fantasy_%26_Science_Fiction
1982	1982	Anderson, Poul	https://en.wikipedia.org/wiki/Poul_Anderson	Won	"The Saturn Game"	https://en.wikipedia.org/wiki/The_Saturn_Game	Analog Science Fact & Fiction	https://en.wikipedia.org/wiki/Analog_Science_Fiction_and_Fact
1982	1982	Benford, Gregory	https://en.wikipedia.org/wiki/Gregory_Benford	Nominated	"Swarmer, Skimmer"		SF Digest
1982	1982	Dann, Jack	https://en.wikipedia.org/wiki/Jack_Dann	Nominated	"Amnesia"		The Berkley Showcase, Vol 3 (Berkley Books)	https://en.wikipedia.org/wiki/Berkley_Books
1982	1982	Eisenstein, Phyllis	https://en.wikipedia.org/wiki/Phyllis_Eisenstein	Nominated	"In the Western Tradition"		The Magazine of Fantasy & Science Fiction	https://en.wikipedia.org/wiki/The_Magazine_of_Fantasy_%26_Science_Fiction
1982	1982	Vinge, Vernor	https://en.wikipedia.org/wiki/Vernor_Vinge	Nominated	"True Names"	https://en.wikipedia.org/wiki/True_Names	Binary Star 5 (Dell Publishing)	https://en.wikipedia.org/wiki/Dell_Publishing
1982	1982	Wilhelm, Kate	https://en.wikipedia.org/wiki/Kate_Wilhelm	Nominated	"The Winter Beach"		Redbook	https://en.wikipedia.org/wiki/Redbook
1983	1983	Kessel, John	https://en.wikipedia.org/wiki/John_Kessel	Won	"Another Orphan"	https://en.wikipedia.org//w/index.php?title=Another_Orphan&action=edit&redlink=1	The Magazine of Fantasy & Science Fiction	https://en.wikipedia.org/wiki/The_Magazine_of_Fantasy_%26_Science_Fiction
1983	1983	Leiber, Fritz	https://en.wikipedia.org/wiki/Fritz_Leiber	Nominated	"Horrible Imaginings"		Death (Playboy)	https://en.wikipedia.org/wiki/Playboy
1983	1983	Linaweaver, Brad	https://en.wikipedia.org/wiki/Brad_Linaweaver	Nominated	"Moon of Ice"		Amazing Stories	https://en.wikipedia.org/wiki/Amazing_Stories
1983	1983	Martin, George R. R.	https://en.wikipedia.org/wiki/George_R._R._Martin	Nominated	"Unsound Variations"		Amazing Stories	https://en.wikipedia.org/wiki/Amazing_Stories
1983	1983	Russ, Joanna	https://en.wikipedia.org/wiki/Joanna_Russ	Nominated	"Souls"		The Magazine of Fantasy & Science Fiction	https://en.wikipedia.org/wiki/The_Magazine_of_Fantasy_%26_Science_Fiction
1984	1984	Bear, Greg	https://en.wikipedia.org/wiki/Greg_Bear	Won	"Hardfought"	https://en.wikipedia.org//w/index.php?title=Hardfought&action=edit&redlink=1	Asimov's Science Fiction	https://en.wikipedia.org/wiki/Asimov%27s_Science_Fiction
1984	1984	Bishop, Michael	https://en.wikipedia.org/wiki/Michael_Bishop_(author)	Nominated	"The Gospel According to Gamaliel Crucis"		Asimov's Science Fiction	https://en.wikipedia.org/wiki/Asimov%27s_Science_Fiction
1984	1984	Bishop, Michael	https://en.wikipedia.org/wiki/Michael_Bishop_(author)	Nominated	"Her Habiline Husband"		Universe 13 (Doubleday)	https://en.wikipedia.org/wiki/Doubleday_(publisher)
1984	1984	Davidson, Avram	https://en.wikipedia.org/wiki/Avram_Davidson	Nominated	"Eszterhazy and the Autogóndola-Invention"		Amazing Stories	https://en.wikipedia.org/wiki/Amazing_Stories
1984	1984	McIntyre, Vonda N.	https://en.wikipedia.org/wiki/Vonda_N._McIntyre	Nominated	"Transit"		Asimov's Science Fiction	https://en.wikipedia.org/wiki/Asimov%27s_Science_Fiction
1984	1984	Silverberg, Robert	https://en.wikipedia.org/wiki/Robert_Silverberg	Nominated	"Homefaring"		Amazing Stories	https://en.wikipedia.org/wiki/Amazing_Stories
1985	1985	Varley, John	https://en.wikipedia.org/wiki/John_Varley_(author)	Won	"Press ENTER"	https://en.wikipedia.org//w/index.php?title=Press_ENTER&action=edit&redlink=1	Asimov's Science Fiction	https://en.wikipedia.org/wiki/Asimov%27s_Science_Fiction
1985	1985	Davidson, Avram	https://en.wikipedia.org/wiki/Avram_Davidson	Nominated	"Young Doctor Eszterhazy"		Amazing Stories	https://en.wikipedia.org/wiki/Amazing_Stories
1985	1985	Kress, Nancy	https://en.wikipedia.org/wiki/Nancy_Kress	Nominated	"Trinity"		Asimov's Science Fiction	https://en.wikipedia.org/wiki/Asimov%27s_Science_Fiction
1985	1985	Pohl, Frederik	https://en.wikipedia.org/wiki/Frederik_Pohl	Nominated	"The Greening of Bed-Stuy"		The Magazine of Fantasy & Science Fiction	https://en.wikipedia.org/wiki/The_Magazine_of_Fantasy_%26_Science_Fiction
1985	1985	Shepard, Lucius	https://en.wikipedia.org/wiki/Lucius_Shepard	Nominated	"A Traveler's Tale"		Asimov's Science Fiction	https://en.wikipedia.org/wiki/Asimov%27s_Science_Fiction
1985	1985	Swanwick, Michael	https://en.wikipedia.org/wiki/Michael_Swanwick	Nominated	"Marrow Death"		Asimov's Science Fiction	https://en.wikipedia.org/wiki/Asimov%27s_Science_Fiction
1986	1986	Silverberg, Robert	https://en.wikipedia.org/wiki/Robert_Silverberg	Won	"Sailing to Byzantium"	https://en.wikipedia.org//w/index.php?title=Sailing_to_Byzantium_(novella)&action=edit&redlink=1	Asimov's Science Fiction	https://en.wikipedia.org/wiki/Asimov%27s_Science_Fiction
1986	1986	Robinson, Kim Stanley	https://en.wikipedia.org/wiki/Kim_Stanley_Robinson	Nominated	"Green Mars"		Asimov's Science Fiction	https://en.wikipedia.org/wiki/Asimov%27s_Science_Fiction
1986	1986	Sterling, Bruce	https://en.wikipedia.org/wiki/Bruce_Sterling	Nominated	"Green Days in Brunei"		Asimov's Science Fiction	https://en.wikipedia.org/wiki/Asimov%27s_Science_Fiction
1986	1986	Tiptree, Jr., James	https://en.wikipedia.org/wiki/James_Tiptree,_Jr.	Nominated	"The Only Neat Thing to Do"		The Magazine of Fantasy & Science Fiction	https://en.wikipedia.org/wiki/The_Magazine_of_Fantasy_%26_Science_Fiction
1986	1986	Wilhelm, Kate	https://en.wikipedia.org/wiki/Kate_Wilhelm	Nominated	"The Gorgon Field"		Asimov's Science Fiction	https://en.wikipedia.org/wiki/Asimov%27s_Science_Fiction
1986	1986	Zelazny, Roger	https://en.wikipedia.org/wiki/Roger_Zelazny	Nominated	"24 Views of Mt. Fuji, by Hokusai"	https://en.wikipedia.org/wiki/24_Views_of_Mt._Fuji,_by_Hokusai	Asimov's Science Fiction	https://en.wikipedia.org/wiki/Asimov%27s_Science_Fiction
1987	1987	Shepard, Lucius	https://en.wikipedia.org/wiki/Lucius_Shepard	Won	"R&R"	https://en.wikipedia.org//w/index.php?title=R%26R_(story)&action=edit&redlink=1	Asimov's Science Fiction	https://en.wikipedia.org/wiki/Asimov%27s_Science_Fiction
1987	1987	Benford, Gregory	https://en.wikipedia.org/wiki/Gregory_Benford	Nominated	"Newton Sleep"		The Magazine of Fantasy & Science Fiction	https://en.wikipedia.org/wiki/The_Magazine_of_Fantasy_%26_Science_Fiction
1987	1987	Robinson, Kim Stanley	https://en.wikipedia.org/wiki/Kim_Stanley_Robinson	Nominated	"Escape from Kathmandu"	https://en.wikipedia.org/wiki/Escape_from_Kathmandu	Asimov's Science Fiction	https://en.wikipedia.org/wiki/Asimov%27s_Science_Fiction
1987	1987	Silverberg, Robert	https://en.wikipedia.org/wiki/Robert_Silverberg	Nominated	"Gilgamesh in the Outback"	https://en.wikipedia.org/wiki/Gilgamesh_in_the_Outback	Asimov's Science Fiction	https://en.wikipedia.org/wiki/Asimov%27s_Science_Fiction
1987	1987	Wilson, F. Paul	https://en.wikipedia.org/wiki/F._Paul_Wilson	Nominated	"Dydeetown Girl"		Far Frontiers 4 (Baen Books	https://en.wikipedia.org/wiki/Baen_Books
1988	1988	Robinson, Kim Stanley	https://en.wikipedia.org/wiki/Kim_Stanley_Robinson	Won	"The Blind Geometer"	https://en.wikipedia.org//w/index.php?title=The_Blind_Geometer&action=edit&redlink=1	Asimov's Science Fiction	https://en.wikipedia.org/wiki/Asimov%27s_Science_Fiction
1988	1988	Ford, John M.	https://en.wikipedia.org/wiki/John_M._Ford	Nominated	"Fugue State"		Under the Wheel (Baen Books)	https://en.wikipedia.org/wiki/Baen_Books
1988	1988	Roberts, Keith	https://en.wikipedia.org/wiki/Keith_Roberts	Nominated	"The Tiger Sweater"		Fantasy & Science Fiction	https://en.wikipedia.org/wiki/The_Magazine_of_Fantasy_%26_Science_Fiction
1988	1988	Ryman, Geoff	https://en.wikipedia.org/wiki/Geoff_Ryman	Nominated	The Unconquered Country		Bantam Spectra	https://en.wikipedia.org/wiki/Bantam_Spectra
1988	1988	Silverberg, Robert	https://en.wikipedia.org/wiki/Robert_Silverberg	Nominated	"The Secret Sharer"		Asimov's Science Fiction	https://en.wikipedia.org/wiki/Asimov%27s_Science_Fiction
1988	1988	Williams, Walter Jon	https://en.wikipedia.org/wiki/Walter_Jon_Williams	Nominated	"Witness"		Wild Cards (Bantam Spectra)	https://en.wikipedia.org/wiki/Wild_Cards_(anthology)
1989	1989	Willis, Connie	https://en.wikipedia.org/wiki/Connie_Willis	Won	"The Last of the Winnebagos"	https://en.wikipedia.org/wiki/The_Last_of_the_Winnebagos	Asimov's Science Fiction	https://en.wikipedia.org/wiki/Asimov%27s_Science_Fiction
1989	1989	Denton, Bradley	https://en.wikipedia.org/wiki/Bradley_Denton	Nominated	"The Calvin Coolidge Home for Dead Comedians"		Fantasy & Science Fiction	https://en.wikipedia.org/wiki/The_Magazine_of_Fantasy_%26_Science_Fiction
1989	1989	Shepard, Lucius	https://en.wikipedia.org/wiki/Lucius_Shepard	Nominated	The Scalehunter's Beautiful Daughter		Asimov's Science Fiction	https://en.wikipedia.org/wiki/Asimov%27s_Science_Fiction
1989	1989	Spinrad, Norman	https://en.wikipedia.org/wiki/Norman_Spinrad	Nominated	"Journals of the Plague Years"		Full Spectrum (Bantam Spectra)	https://en.wikipedia.org/wiki/Full_Spectrum
1989	1989	Williams, Walter Jon	https://en.wikipedia.org/wiki/Walter_Jon_Williams	Nominated	"Surfacing"		Asimov's Science Fiction	https://en.wikipedia.org/wiki/Asimov%27s_Science_Fiction
1989	1989	Yolen, Jane	https://en.wikipedia.org/wiki/Jane_Yolen	Nominated	The Devil's Arithmetic	https://en.wikipedia.org/wiki/The_Devil%27s_Arithmetic	Viking Kestrel	https://en.wikipedia.org/wiki/Viking_Press
1990	1990	Bujold, Lois McMaster	https://en.wikipedia.org/wiki/Lois_McMaster_Bujold	Won	"The Mountains of Mourning"	https://en.wikipedia.org/wiki/Vorkosigan_Saga#.22Mountains_of_Mourning.22_.28novella.29	Analog Science Fact & Fiction	https://en.wikipedia.org/wiki/Analog_Science_Fiction_and_Fact
1990	1990	Crowley, John	https://en.wikipedia.org/wiki/John_Crowley	Nominated	"Great Work of Time"	https://en.wikipedia.org/wiki/Great_Work_of_Time	Novelty (Doubleday)	https://en.wikipedia.org/wiki/Doubleday_(publisher)
1990	1990	Effinger, George Alec	https://en.wikipedia.org/wiki/George_Alec_Effinger	Nominated	"Marîd Changes His Mind"		Asimov's Science Fiction	https://en.wikipedia.org/wiki/Asimov%27s_Science_Fiction
1990	1990	Lindholm, Megan	https://en.wikipedia.org/wiki/Robin_Hobb	Nominated	"A Touch of Lavender"		Asimov's Science Fiction	https://en.wikipedia.org/wiki/Asimov%27s_Science_Fiction
1990	1990	Moffett, Judith	https://en.wikipedia.org/wiki/Judith_Moffett	Nominated	"Tiny Tango"		Asimov's Science Fiction	https://en.wikipedia.org/wiki/Asimov%27s_Science_Fiction
1990	1990	Waldrop, Howard	https://en.wikipedia.org/wiki/Howard_Waldrop	Nominated	A Dozen Tough Jobs	https://en.wikipedia.org/wiki/A_Dozen_Tough_Jobs	Mark V. Ziesing	https://en.wikipedia.org/wiki/Mark_V._Ziesing
1991	1991	Haldeman, Joe	https://en.wikipedia.org/wiki/Joe_Haldeman	Won	"The Hemingway Hoax"	https://en.wikipedia.org/wiki/The_Hemingway_Hoax	Asimov's Science Fiction	https://en.wikipedia.org/wiki/Asimov%27s_Science_Fiction
1991	1991	Bujold, Lois McMaster	https://en.wikipedia.org/wiki/Lois_McMaster_Bujold	Nominated	"Weatherman"	https://en.wikipedia.org/wiki/Weatherman_(short_story)	Analog Science Fact & Fiction	https://en.wikipedia.org/wiki/Analog_Science_Fiction_and_Fact
1991	1991	Cadigan, Pat	https://en.wikipedia.org/wiki/Pat_Cadigan	Nominated	"Fool to Believe"		Asimov's Science Fiction	https://en.wikipedia.org/wiki/Asimov%27s_Science_Fiction
1991	1991	Kelly, James Patrick	https://en.wikipedia.org/wiki/James_Patrick_Kelly	Nominated	"Mr. Boy"	https://en.wikipedia.org/wiki/Mr._Boy	Asimov's Science Fiction	https://en.wikipedia.org/wiki/Asimov%27s_Science_Fiction
1991	1991	Murphy, Pat	https://en.wikipedia.org/wiki/Pat_Murphy_(writer)	Nominated	"Bones"		Asimov's Science Fiction	https://en.wikipedia.org/wiki/Asimov%27s_Science_Fiction
1992	1992	Kress, Nancy	https://en.wikipedia.org/wiki/Nancy_Kress	Won	"Beggars in Spain"	https://en.wikipedia.org/wiki/Beggars_in_Spain	Asimov's Science Fiction	https://en.wikipedia.org/wiki/Asimov%27s_Science_Fiction
1992	1992	Ash, Paul	https://en.wikipedia.org/wiki/Pauline_Ashwell	Nominated	"Man Opening a Door"		Analog Science Fact & Fiction	https://en.wikipedia.org/wiki/Analog_Science_Fiction_and_Fact
1992	1992	Bishop, Michael	https://en.wikipedia.org/wiki/Michael_Bishop_(author)	Nominated	Apartheid, Superstrings, and Mordecai Thubana		Axolotl Press	https://en.wikipedia.org/wiki/Pulphouse_Publishing
1992	1992	Resnick, Mike	https://en.wikipedia.org/wiki/Mike_Resnick	Nominated	Bully!		Asimov's Science Fiction	https://en.wikipedia.org/wiki/Asimov%27s_Science_Fiction
1992	1992	Rusch, Kristine Kathryn	https://en.wikipedia.org/wiki/Kristine_Kathryn_Rusch	Nominated	The Gallery of His Dreams		Asimov's Science Fiction	https://en.wikipedia.org/wiki/Asimov%27s_Science_Fiction
1992	1992	Willis, Connie	https://en.wikipedia.org/wiki/Connie_Willis	Nominated	"Jack"		Asimov's Science Fiction	https://en.wikipedia.org/wiki/Asimov%27s_Science_Fiction
1993	1993	Morrow, James	https://en.wikipedia.org/wiki/James_K._Morrow	Won	City of Truth	https://en.wikipedia.org//w/index.php?title=City_of_Truth&action=edit&redlink=1	St. Martin's Press	https://en.wikipedia.org/wiki/St._Martin%27s_Press
1993	1993	Bull, Emma	https://en.wikipedia.org/wiki/Emma_Bull	Nominated	"Silver or Gold"		After the King: Stories in Honor of J.R.R. Tolkien (Tor Books)	https://en.wikipedia.org/wiki/Tor_Books
1993	1993	Denton, Bradley	https://en.wikipedia.org/wiki/Bradley_Denton	Nominated	"The Territory"		Fantasy & Science Fiction	https://en.wikipedia.org/wiki/The_Magazine_of_Fantasy_%26_Science_Fiction
1993	1993	Oltion, Jerry	https://en.wikipedia.org/wiki/Jerry_Oltion	Nominated	"Contact"		Analog Science Fiction and Fact	https://en.wikipedia.org/wiki/Analog_Science_Fiction_and_Fact
1993	1993	Goodloe, Lee		Nominated	"Contact"	https://en.wikipedia.org//w/index.php?title=City_of_Truth&action=edit&redlink=1	Analog Science Fiction and Fact	https://en.wikipedia.org/wiki/Analog_Science_Fiction_and_Fact
1993	1993	McHugh, Maureen F.	https://en.wikipedia.org/wiki/Maureen_F._McHugh	Nominated	"Protection"		Asimov's Science Fiction	https://en.wikipedia.org/wiki/Asimov%27s_Science_Fiction
1993	1993	Shepard, Lucius	https://en.wikipedia.org/wiki/Lucius_Shepard	Nominated	"Barnacle Bill the Spacer"		Asimov's Science Fiction	https://en.wikipedia.org/wiki/Asimov%27s_Science_Fiction
1993	1993	Swanwick, Michael	https://en.wikipedia.org/wiki/Michael_Swanwick	Nominated	Griffin's Egg		Asimov's Science Fiction	https://en.wikipedia.org/wiki/Asimov%27s_Science_Fiction
1994	1994	Cady, Jack	https://en.wikipedia.org/wiki/Jack_Cady	Won	"The Night We Buried Road Dog"	https://en.wikipedia.org//w/index.php?title=The_Night_We_Buried_Road_Dog&action=edit&redlink=1	Fantasy & Science Fiction	https://en.wikipedia.org/wiki/The_Magazine_of_Fantasy_%26_Science_Fiction
1994	1994	Aldridge, Ray		Nominated	"The Beauty Addict"		Full Spectrum 4 (Bantam Spectra)	https://en.wikipedia.org/wiki/Full_Spectrum
1994	1994	Kress, Nancy	https://en.wikipedia.org/wiki/Nancy_Kress	Nominated	"Dancing on Air"		Asimov's Science Fiction	https://en.wikipedia.org/wiki/Asimov%27s_Science_Fiction
1994	1994	Nordley, G. David	https://en.wikipedia.org/wiki/G._David_Nordley	Nominated	"Into the Miranda Rift"		Analog Science Fiction and Fact	https://en.wikipedia.org/wiki/Analog_Science_Fiction_and_Fact
1994	1994	Wilhelm, Kate	https://en.wikipedia.org/wiki/Kate_Wilhelm	Nominated	Naming the Flowers		Fantasy & Science Fiction	https://en.wikipedia.org/wiki/The_Magazine_of_Fantasy_%26_Science_Fiction
1994	1994	Williams, Walter Jon	https://en.wikipedia.org/wiki/Walter_Jon_Williams	Nominated	Wall, Stone, Craft		Fantasy & Science Fiction	https://en.wikipedia.org/wiki/The_Magazine_of_Fantasy_%26_Science_Fiction
1995	1995	Resnick, Mike	https://en.wikipedia.org/wiki/Mike_Resnick	Won	"Seven Views of Olduvai Gorge"	https://en.wikipedia.org/wiki/Seven_Views_of_Olduvai_Gorge	Fantasy & Science Fiction	https://en.wikipedia.org/wiki/The_Magazine_of_Fantasy_%26_Science_Fiction
1995	1995	Ellison, Harlan	https://en.wikipedia.org/wiki/Harlan_Ellison	Nominated	Mefisto In Onyx		Omni	https://en.wikipedia.org/wiki/Omni_(magazine)
1995	1995	Hoffman, Nina Kiriki	https://en.wikipedia.org/wiki/Nina_Kiriki_Hoffman	Nominated	"Haunted Humans"		Fantasy & Science Fiction	https://en.wikipedia.org/wiki/The_Magazine_of_Fantasy_%26_Science_Fiction
1995	1995	Le Guin, Ursula K.	https://en.wikipedia.org/wiki/Ursula_K._Le_Guin	Nominated	"Forgiveness Day"		Asimov's Science Fiction	https://en.wikipedia.org/wiki/Asimov%27s_Science_Fiction
1995	1995	Ryman, Geoff	https://en.wikipedia.org/wiki/Geoff_Ryman	Nominated	"Fan"		Unconquered Countries (St. Martin's Press)	https://en.wikipedia.org/wiki/St._Martin%27s_Press
1995	1995	Swanwick, Michael	https://en.wikipedia.org/wiki/Michael_Swanwick	Nominated	"Cold Iron"		Asimov's Science Fiction	https://en.wikipedia.org/wiki/Asimov%27s_Science_Fiction
1996	1996	Hand, Elizabeth	https://en.wikipedia.org/wiki/Elizabeth_Hand	Won	"Last Summer at Mars Hill"	https://en.wikipedia.org//w/index.php?title=Last_Summer_at_Mars_Hill_(story)&action=edit&redlink=1	Fantasy & Science Fiction	https://en.wikipedia.org/wiki/The_Magazine_of_Fantasy_%26_Science_Fiction
1996	1996	Benford, Gregory	https://en.wikipedia.org/wiki/Gregory_Benford	Nominated	"Soon Comes Night"		Asimov's Science Fiction	https://en.wikipedia.org/wiki/Asimov%27s_Science_Fiction
1996	1996	Griffith, Nicola	https://en.wikipedia.org/wiki/Nicola_Griffith	Nominated	"Yaguara"		Asimov's Science Fiction	https://en.wikipedia.org/wiki/Asimov%27s_Science_Fiction
1996	1996	Resnick, Mike	https://en.wikipedia.org/wiki/Mike_Resnick	Nominated	"Bibi"		Asimov's Science Fiction	https://en.wikipedia.org/wiki/Asimov%27s_Science_Fiction
1996	1996	Shwartz, Susan	https://en.wikipedia.org/wiki/Susan_Shwartz	Nominated	"Bibi"	https://en.wikipedia.org//w/index.php?title=Last_Summer_at_Mars_Hill_(story)&action=edit&redlink=1	Asimov's Science Fiction	https://en.wikipedia.org/wiki/Asimov%27s_Science_Fiction
1996	1996	Stableford, Brian	https://en.wikipedia.org/wiki/Brian_Stableford	Nominated	"Mortimer Gray's History of Death"	https://en.wikipedia.org/wiki/Mortimer_Gray%27s_History_of_Death	Asimov's Science Fiction	https://en.wikipedia.org/wiki/Asimov%27s_Science_Fiction
1997	1997	Dann, Jack	https://en.wikipedia.org/wiki/Jack_Dann	Won	"Da Vinci Rising"	https://en.wikipedia.org//w/index.php?title=Da_Vinci_Rising&action=edit&redlink=1	Asimov's Science Fiction	https://en.wikipedia.org/wiki/Asimov%27s_Science_Fiction
1997	1997	Le Guin, Ursula K.	https://en.wikipedia.org/wiki/Ursula_K._Le_Guin	Nominated	"A Woman's Liberation"		Asimov's Science Fiction	https://en.wikipedia.org/wiki/Asimov%27s_Science_Fiction
1997	1997	Martin, George R. R.	https://en.wikipedia.org/wiki/George_R._R._Martin	Nominated	"Blood of the Dragon"		Asimov's Science Fiction	https://en.wikipedia.org/wiki/Asimov%27s_Science_Fiction
1997	1997	McDevitt, Jack	https://en.wikipedia.org/wiki/Jack_McDevitt	Nominated	"Time Travelers Never Die"	https://en.wikipedia.org/wiki/Time_Travelers_Never_Die	Asimov's Science Fiction	https://en.wikipedia.org/wiki/Asimov%27s_Science_Fiction
1997	1997	McHugh, Maureen F.	https://en.wikipedia.org/wiki/Maureen_F._McHugh	Nominated	"The Cost to Be Wise"		Starlight 1 (Tor Books)	https://en.wikipedia.org/wiki/Starlight_(anthology_series)
1997	1997	Steele, Allen	https://en.wikipedia.org/wiki/Allen_Steele	Nominated	"The Death of Captain Future"		Asimov's Science Fiction	https://en.wikipedia.org/wiki/Asimov%27s_Science_Fiction
1998	1998	Oltion, Jerry	https://en.wikipedia.org/wiki/Jerry_Oltion	Won	"Abandon in Place"	https://en.wikipedia.org//w/index.php?title=Abandon_in_Place&action=edit&redlink=1	Fantasy & Science Fiction	https://en.wikipedia.org/wiki/The_Magazine_of_Fantasy_%26_Science_Fiction
1998	1998	Castro, Adam-Troy	https://en.wikipedia.org/wiki/Adam-Troy_Castro	Nominated	"The Funeral March of the Marionettes"		Fantasy & Science Fiction	https://en.wikipedia.org/wiki/The_Magazine_of_Fantasy_%26_Science_Fiction
1998	1998	Levinson, Paul	https://en.wikipedia.org/wiki/Paul_Levinson	Nominated	"Loose Ends"		Analog Science Fiction and Fact	https://en.wikipedia.org/wiki/Analog_Science_Fiction_and_Fact
1998	1998	Reed, Robert	https://en.wikipedia.org/wiki/Robert_Reed_(author)	Nominated	"Chrysalis"		Asimov's Science Fiction	https://en.wikipedia.org/wiki/Asimov%27s_Science_Fiction
1998	1998	Sparhawk, Bud	https://en.wikipedia.org/wiki/Bud_Sparhawk	Nominated	"Primrose and Thorn"		Analog Science Fiction and Fact	https://en.wikipedia.org/wiki/Analog_Science_Fiction_and_Fact
1998	1998	Steele, Allen	https://en.wikipedia.org/wiki/Allen_Steele	Nominated	"…Where Angels Fear to Tread"		Asimov's Science Fiction	https://en.wikipedia.org/wiki/Asimov%27s_Science_Fiction
1999	1999	Finch, Sheila	https://en.wikipedia.org/wiki/Sheila_Finch	Won	"Reading the Bones"	https://en.wikipedia.org//w/index.php?title=Reading_the_Bones&action=edit&redlink=1	Fantasy & Science Fiction	https://en.wikipedia.org/wiki/The_Magazine_of_Fantasy_%26_Science_Fiction
1999	1999	Asaro, Catherine	https://en.wikipedia.org/wiki/Catherine_Asaro	Nominated	"Aurora in Four Voices"	https://en.wikipedia.org/wiki/Aurora_in_Four_Voices	Analog Science Fiction and Fact	https://en.wikipedia.org/wiki/Analog_Science_Fiction_and_Fact
1999	1999	Davidson, Avram	https://en.wikipedia.org/wiki/Avram_Davidson	Nominated	The Boss in the Wall, A Treatise on the House Devil		Tachyon Publications	https://en.wikipedia.org/wiki/Tachyon_Publications
1999	1999	Davis, Grania	https://en.wikipedia.org/wiki/Grania_Davis	Nominated	The Boss in the Wall, A Treatise on the House Devil	https://en.wikipedia.org/wiki/Aurora_in_Four_Voices	Tachyon Publications	https://en.wikipedia.org/wiki/Tachyon_Publications
1999	1999	Fintushel, Eliot		Nominated	"Izzy and the Father of Terror"		Asimov's Science Fiction	https://en.wikipedia.org/wiki/Asimov%27s_Science_Fiction
1999	1999	Gerrold, David	https://en.wikipedia.org/wiki/David_Gerrold	Nominated	"Jumping Off the Planet"	https://en.wikipedia.org/wiki/The_Dingilliad	Science Fiction Age
1999	1999	Landis, Geoffrey A.	https://en.wikipedia.org/wiki/Geoffrey_A._Landis	Nominated	"Ecopoiesis"		Science Fiction Age
2000	2000	Chiang, Ted	https://en.wikipedia.org/wiki/Ted_Chiang	Won	"Story of Your Life"	https://en.wikipedia.org/wiki/Story_of_Your_Life	Starlight 2 (Tor Books)	https://en.wikipedia.org/wiki/Starlight_(anthology_series)
2000	2000	Burstein, Michael A.	https://en.wikipedia.org/wiki/Michael_A._Burstein	Nominated	"Reality Check"		Analog Science Fiction and Fact	https://en.wikipedia.org/wiki/Analog_Science_Fiction_and_Fact
2000	2000	Castro, Adam-Troy	https://en.wikipedia.org/wiki/Adam-Troy_Castro	Nominated	"The Astronaut from Wyoming"		Analog Science Fiction and Fact	https://en.wikipedia.org/wiki/Analog_Science_Fiction_and_Fact
2000	2000	Oltion, Jerry	https://en.wikipedia.org/wiki/Jerry_Oltion	Nominated	"The Astronaut from Wyoming"	https://en.wikipedia.org/wiki/Story_of_Your_Life	Analog Science Fiction and Fact	https://en.wikipedia.org/wiki/Analog_Science_Fiction_and_Fact
2000	2000	Duchamp, L. Timmel	https://en.wikipedia.org/wiki/L._Timmel_Duchamp	Nominated	"Living Trust"		Asimov's Science Fiction	https://en.wikipedia.org/wiki/Asimov%27s_Science_Fiction
2000	2000	Duncan, Andy	https://en.wikipedia.org/wiki/Andy_Duncan_(writer)	Nominated	"The Executioners' Guild"		Asimov's Science Fiction	https://en.wikipedia.org/wiki/Asimov%27s_Science_Fiction
2000	2000	Marusek, David	https://en.wikipedia.org/wiki/David_Marusek	Nominated	"The Wedding Album"		Asimov's Science Fiction	https://en.wikipedia.org/wiki/Asimov%27s_Science_Fiction
2001	2001	Nagata, Linda	https://en.wikipedia.org/wiki/Linda_Nagata	Won	"Goddesses"	https://en.wikipedia.org//w/index.php?title=Goddesses_(story)&action=edit&redlink=1	Sci Fiction
2001	2001	Duncan, Andy	https://en.wikipedia.org/wiki/Andy_Duncan_(writer)	Nominated	"Fortitude"		Realms of Fantasy	https://en.wikipedia.org/wiki/Realms_of_Fantasy
2001	2001	Lethem, Jonathan	https://en.wikipedia.org/wiki/Jonathan_Lethem	Nominated	"Ninety Percent of Everything"		Fantasy & Science Fiction	https://en.wikipedia.org/wiki/The_Magazine_of_Fantasy_%26_Science_Fiction
2001	2001	Kelly, James Patrick	https://en.wikipedia.org/wiki/James_Patrick_Kelly	Nominated	"Ninety Percent of Everything"	https://en.wikipedia.org//w/index.php?title=Goddesses_(story)&action=edit&redlink=1	Fantasy & Science Fiction	https://en.wikipedia.org/wiki/The_Magazine_of_Fantasy_%26_Science_Fiction
2001	2001	Kessel, John	https://en.wikipedia.org/wiki/John_Kessel	Nominated	"Ninety Percent of Everything"	https://en.wikipedia.org//w/index.php?title=Goddesses_(story)&action=edit&redlink=1	Fantasy & Science Fiction	https://en.wikipedia.org/wiki/The_Magazine_of_Fantasy_%26_Science_Fiction
2001	2001	Resnick, Mike	https://en.wikipedia.org/wiki/Mike_Resnick	Nominated	"Hunting the Snark"		Asimov's Science Fiction	https://en.wikipedia.org/wiki/Asimov%27s_Science_Fiction
2001	2001	Shepard, Lucius	https://en.wikipedia.org/wiki/Lucius_Shepard	Nominated	"Crocodile Rock"		Fantasy & Science Fiction	https://en.wikipedia.org/wiki/The_Magazine_of_Fantasy_%26_Science_Fiction
2001	2001	Williams, Walter Jon	https://en.wikipedia.org/wiki/Walter_Jon_Williams	Nominated	"Argonautica"		Asimov's Science Fiction	https://en.wikipedia.org/wiki/Asimov%27s_Science_Fiction
2002	2002	Williamson, Jack	https://en.wikipedia.org/wiki/Jack_Williamson	Won	"The Ultimate Earth"	https://en.wikipedia.org//w/index.php?title=The_Ultimate_Earth&action=edit&redlink=1	Analog Science Fiction and Fact	https://en.wikipedia.org/wiki/Analog_Science_Fiction_and_Fact
2002	2002	Asaro, Catherine	https://en.wikipedia.org/wiki/Catherine_Asaro	Nominated	"A Roll of the Dice"		Analog Science Fiction and Fact	https://en.wikipedia.org/wiki/Analog_Science_Fiction_and_Fact
2002	2002	Clough, Brenda W.	https://en.wikipedia.org/wiki/Brenda_Clough	Nominated	"May Be Some Time"	https://en.wikipedia.org/wiki/May_Be_Some_Time	Analog Science Fiction and Fact	https://en.wikipedia.org/wiki/Analog_Science_Fiction_and_Fact
2002	2002	Dann, Jack	https://en.wikipedia.org/wiki/Jack_Dann	Nominated	"The Diamond Pit"	https://en.wikipedia.org/wiki/The_Diamond_Pit	Fantasy & Science Fiction	https://en.wikipedia.org/wiki/The_Magazine_of_Fantasy_%26_Science_Fiction
2002	2002	Shepard, Lucius	https://en.wikipedia.org/wiki/Lucius_Shepard	Nominated	"Radiant Green Star"		Asimov's Science Fiction	https://en.wikipedia.org/wiki/Asimov%27s_Science_Fiction
2003	2003	Chwedyk, Richard	https://en.wikipedia.org/wiki/Richard_Chwedyk	Won	"Bronte's Egg"	https://en.wikipedia.org//w/index.php?title=Bronte%27s_Egg&action=edit&redlink=1	Fantasy & Science Fiction	https://en.wikipedia.org/wiki/The_Magazine_of_Fantasy_%26_Science_Fiction
2003	2003	Castro, Adam-Troy	https://en.wikipedia.org/wiki/Adam-Troy_Castro	Nominated	"Sunday Night Yams at Minnie and Earl's"		Analog Science Fiction and Fact	https://en.wikipedia.org/wiki/Analog_Science_Fiction_and_Fact
2003	2003	Duncan, Andy	https://en.wikipedia.org/wiki/Andy_Duncan_(writer)	Nominated	"The Chief Designer"	https://en.wikipedia.org/wiki/The_Chief_Designer_(novella)	Asimov's Science Fiction	https://en.wikipedia.org/wiki/Asimov%27s_Science_Fiction
2003	2003	Finlay, Charles Coleman	https://en.wikipedia.org/wiki/Charles_Coleman_Finlay	Nominated	"The Political Officer"		Fantasy & Science Fiction	https://en.wikipedia.org/wiki/The_Magazine_of_Fantasy_%26_Science_Fiction
2003	2003	Sparhawk, Bud	https://en.wikipedia.org/wiki/Bud_Sparhawk	Nominated	"Magic's Price"		Analog Science Fiction and Fact	https://en.wikipedia.org/wiki/Analog_Science_Fiction_and_Fact
2004	2004	Gaiman, Neil	https://en.wikipedia.org/wiki/Neil_Gaiman	Won	Coraline	https://en.wikipedia.org/wiki/Coraline	HarperCollins	https://en.wikipedia.org/wiki/HarperCollins
2004	2004	Arnason, Eleanor	https://en.wikipedia.org/wiki/Eleanor_Arnason	Nominated	"The Potter of Bones"		Asimov's Science Fiction	https://en.wikipedia.org/wiki/Asimov%27s_Science_Fiction
2004	2004	Baker, Kage	https://en.wikipedia.org/wiki/Kage_Baker	Nominated	"The Empress of Mars"	https://en.wikipedia.org/wiki/The_Empress_of_Mars	Asimov's Science Fiction	https://en.wikipedia.org/wiki/Asimov%27s_Science_Fiction
2004	2004	Kessel, John	https://en.wikipedia.org/wiki/John_Kessel	Nominated	"Stories for Men"		Asimov's Science Fiction	https://en.wikipedia.org/wiki/Asimov%27s_Science_Fiction
2004	2004	MacLeod, Ian R.	https://en.wikipedia.org/wiki/Ian_R._MacLeod	Nominated	"Breathmoss"		Asimov's Science Fiction	https://en.wikipedia.org/wiki/Asimov%27s_Science_Fiction
2005	2005	Williams, Walter Jon	https://en.wikipedia.org/wiki/Walter_Jon_Williams	Won	"The Green Leopard Plague"	https://en.wikipedia.org/wiki/The_Green_Leopard_Plague	Asimov's Science Fiction	https://en.wikipedia.org/wiki/Asimov%27s_Science_Fiction
2005	2005	Asaro, Catherine	https://en.wikipedia.org/wiki/Catherine_Asaro	Nominated	"Walk in Silence"		Analog Science Fiction and Fact	https://en.wikipedia.org/wiki/Analog_Science_Fiction_and_Fact
2005	2005	Castro, Adam-Troy	https://en.wikipedia.org/wiki/Adam-Troy_Castro	Nominated	"The Tangled Strings of the Marionettes"		Fantasy & Science Fiction	https://en.wikipedia.org/wiki/The_Magazine_of_Fantasy_%26_Science_Fiction
2005	2005	Vinge, Vernor	https://en.wikipedia.org/wiki/Vernor_Vinge	Nominated	"The Cookie Monster"	https://en.wikipedia.org/wiki/The_Cookie_Monster_(novella)	Analog Science Fiction and Fact	https://en.wikipedia.org/wiki/Analog_Science_Fiction_and_Fact
2005	2005	Willis, Connie	https://en.wikipedia.org/wiki/Connie_Willis	Nominated	"Just Like the Ones We Used to Know"		Asimov's Science Fiction	https://en.wikipedia.org/wiki/Asimov%27s_Science_Fiction
2006	2006	Link, Kelly	https://en.wikipedia.org/wiki/Kelly_Link	Won	"Magic for Beginners"	https://en.wikipedia.org/wiki/Magic_for_Beginners_(novella)	Fantasy & Science Fiction	https://en.wikipedia.org/wiki/The_Magazine_of_Fantasy_%26_Science_Fiction
2006	2006	Sparhawk, Bud	https://en.wikipedia.org/wiki/Bud_Sparhawk	Nominated	"Clay's Pride"		Analog Science Fiction and Fact	https://en.wikipedia.org/wiki/Analog_Science_Fiction_and_Fact
2006	2006	Sawyer, Robert J.	https://en.wikipedia.org/wiki/Robert_J._Sawyer	Nominated	"Identity Theft"		Down These Dark Spaceways (Science Fiction Book Club)	https://en.wikipedia.org/wiki/Book_of_the_Month_Club
2006	2006	Witcover, Paul		Nominated	"Left of the Dial"		Sci Fiction
2006	2006	Cowdrey, Albert E.	https://en.wikipedia.org/wiki/Albert_E._Cowdrey	Nominated	"The Tribes of Bela"		Fantasy & Science Fiction	https://en.wikipedia.org/wiki/The_Magazine_of_Fantasy_%26_Science_Fiction
2007	2007	Kelly, James Patrick	https://en.wikipedia.org/wiki/James_Patrick_Kelly	Won	Burn	https://en.wikipedia.org/wiki/Burn_(novella)	Tachyon Publications	https://en.wikipedia.org/wiki/Tachyon_Publications
2007	2007	Burstein, Michael A.	https://en.wikipedia.org/wiki/Michael_A._Burstein	Nominated	"Sanctuary"		Analog Science Fiction and Fact	https://en.wikipedia.org/wiki/Analog_Science_Fiction_and_Fact
2007	2007	Melko, Paul	https://en.wikipedia.org/wiki/Paul_Melko	Nominated	"The Walls of the Universe"		Asimov's Science Fiction	https://en.wikipedia.org/wiki/Asimov%27s_Science_Fiction
2007	2007	Shunn, William	https://en.wikipedia.org/wiki/William_Shunn	Nominated	"Inclination"	https://en.wikipedia.org/wiki/Inclination_(novella)	Asimov's Science Fiction	https://en.wikipedia.org/wiki/Asimov%27s_Science_Fiction
2008	2008	Kress, Nancy	https://en.wikipedia.org/wiki/Nancy_Kress	Won	"Fountain of Age"	https://en.wikipedia.org/wiki/Fountain_of_Age	Asimov's Science Fiction	https://en.wikipedia.org/wiki/Asimov%27s_Science_Fiction
2008	2008	Berman, Judith	https://en.wikipedia.org/wiki/Judith_Berman	Nominated	"Awakening"		Black Gate	https://en.wikipedia.org/wiki/Black_Gate_(magazine)
2008	2008	Hughes, Matt	https://en.wikipedia.org/wiki/Matt_Hughes_(writer)	Nominated	"The Helper and His Hero"		Fantasy & Science Fiction	https://en.wikipedia.org/wiki/The_Magazine_of_Fantasy_%26_Science_Fiction
2008	2008	Shepard, Lucius	https://en.wikipedia.org/wiki/Lucius_Shepard	Nominated	"Stars Seen Through Stone"		Fantasy & Science Fiction	https://en.wikipedia.org/wiki/The_Magazine_of_Fantasy_%26_Science_Fiction
2008	2008	Sterling, Bruce	https://en.wikipedia.org/wiki/Bruce_Sterling	Nominated	"Kiosk"		Fantasy & Science Fiction	https://en.wikipedia.org/wiki/The_Magazine_of_Fantasy_%26_Science_Fiction
2008	2008	Wolfe, Gene	https://en.wikipedia.org/wiki/Gene_Wolfe	Nominated	"Memorare"	https://en.wikipedia.org/wiki/Memorare_(novella)	Fantasy & Science Fiction	https://en.wikipedia.org/wiki/The_Magazine_of_Fantasy_%26_Science_Fiction
2009	2009	Asaro, Catherine	https://en.wikipedia.org/wiki/Catherine_Asaro	Won	"The Spacetime Pool"	https://en.wikipedia.org//w/index.php?title=The_Spacetime_Pool&action=edit&redlink=1	Fantasy & Science Fiction	https://en.wikipedia.org/wiki/The_Magazine_of_Fantasy_%26_Science_Fiction
2009	2009	Benford, Gregory	https://en.wikipedia.org/wiki/Gregory_Benford	Nominated	"Dark Heaven"		Alien Crimes (Science Fiction Book Club)	https://en.wikipedia.org/wiki/Book_of_the_Month_Club
2009	2009	Eskridge, Kelley	https://en.wikipedia.org/wiki/Kelley_Eskridge	Nominated	"Dangerous Space"		Dangerous Space (Aqueduct Press)	https://en.wikipedia.org/wiki/Aqueduct_Press
2009	2009	Finlay, Charles Coleman	https://en.wikipedia.org/wiki/Charles_Coleman_Finlay	Nominated	"The Political Prisoner"		Fantasy & Science Fiction	https://en.wikipedia.org/wiki/The_Magazine_of_Fantasy_%26_Science_Fiction
2009	2009	Nazarian, Vera	https://en.wikipedia.org/wiki/Vera_Nazarian	Nominated	The Duke in His Castle		Norilana Books	https://en.wikipedia.org/wiki/Norilana_Books
2010	2010	Baker, Kage	https://en.wikipedia.org/wiki/Kage_Baker	Won	The Women of Nell Gwynne's	https://en.wikipedia.org//w/index.php?title=The_Women_of_Nell_Gwynne%27s&action=edit&redlink=1	Subterranean Press	https://en.wikipedia.org/wiki/Subterranean_Press
2010	2010	Gilman, Carolyn Ives		Nominated	"Arkfall"		Fantasy & Science Fiction	https://en.wikipedia.org/wiki/The_Magazine_of_Fantasy_%26_Science_Fiction
2010	2010	Kress, Nancy	https://en.wikipedia.org/wiki/Nancy_Kress	Nominated	"Act One"		Asimov's Science Fiction	https://en.wikipedia.org/wiki/Asimov%27s_Science_Fiction
2010	2010	Morrow, James	https://en.wikipedia.org/wiki/James_K._Morrow	Nominated	Shambling Towards Hiroshima		Tachyon Publications	https://en.wikipedia.org/wiki/Tachyon_Publications
2010	2010	Sanford, Jason	https://en.wikipedia.org/wiki/Jason_Sanford	Nominated	"Sublimation Angels"		Interzone	https://en.wikipedia.org/wiki/Interzone_(magazine)
2010	2010	Scalzi, John	https://en.wikipedia.org/wiki/John_Scalzi	Nominated	The God Engines	https://en.wikipedia.org/wiki/The_God_Engines	Subterranean Press	https://en.wikipedia.org/wiki/Subterranean_Press
2011	2011	Swirsky, Rachel	https://en.wikipedia.org/wiki/Rachel_Swirsky	Won	"The Lady Who Plucked Red Flowers beneath the Queen's Window"	https://en.wikipedia.org/wiki/The_Lady_Who_Plucked_Red_Flowers_beneath_the_Queen%27s_Window	Subterranean Magazine	https://en.wikipedia.org/wiki/Subterranean_Press
2011	2011	Bacigalupi, Paolo	https://en.wikipedia.org/wiki/Paolo_Bacigalupi	Nominated	The Alchemist		Subterranean Press	https://en.wikipedia.org/wiki/Subterranean_Press
2011	2011	Cheney, J. Kathleen		Nominated	"Iron Shoes"		Alembical 2 (Paper Golem)
2011	2011	Chiang, Ted	https://en.wikipedia.org/wiki/Ted_Chiang	Nominated	The Lifecycle of Software Objects	https://en.wikipedia.org/wiki/The_Lifecycle_of_Software_Objects	Subterranean Press	https://en.wikipedia.org/wiki/Subterranean_Press
2011	2011	Landis, Geoffrey A.	https://en.wikipedia.org/wiki/Geoffrey_A._Landis	Nominated	"The Sultan of the Clouds"		Asimov's Science Fiction	https://en.wikipedia.org/wiki/Asimov%27s_Science_Fiction
2011	2011	Park, Paul	https://en.wikipedia.org/wiki/Paul_Park	Nominated	"Ghosts Doing the Orange Dance"		Fantasy & Science Fiction	https://en.wikipedia.org/wiki/The_Magazine_of_Fantasy_%26_Science_Fiction
2012	2012	Johnson, Kij	https://en.wikipedia.org/wiki/Kij_Johnson	Won	"The Man Who Bridged the Mist"	https://en.wikipedia.org/wiki/The_Man_Who_Bridged_the_Mist	Asimov's Science Fiction	https://en.wikipedia.org/wiki/Asimov%27s_Science_Fiction
2012	2012	Kowal, Mary Robinette	https://en.wikipedia.org/wiki/Mary_Robinette_Kowal	Nominated	"Kiss Me Twice"		Asimov's Science Fiction	https://en.wikipedia.org/wiki/Asimov%27s_Science_Fiction
2012	2012	Valente, Catherynne M.	https://en.wikipedia.org/wiki/Catherynne_M._Valente	Nominated	Silently and Very Fast		Clarkesworld Magazine	https://en.wikipedia.org/wiki/Clarkesworld_Magazine
2012	2012	Gilman, Carolyn Ives		Nominated	"The Ice Owl"		Fantasy & Science Fiction	https://en.wikipedia.org/wiki/The_Magazine_of_Fantasy_%26_Science_Fiction
2012	2012	Liu, Ken	https://en.wikipedia.org/wiki/Ken_Liu	Nominated	"The Man Who Ended History: A Documentary"		Panverse 3 (Panverse Publishing)
2012	2012	Castro, Adam-Troy	https://en.wikipedia.org/wiki/Adam-Troy_Castro	Nominated	"With Unclean Hands"		Analog Science Fiction and Fact	https://en.wikipedia.org/wiki/Analog_Science_Fiction_and_Fact
2013	2013	Kress, Nancy	https://en.wikipedia.org/wiki/Nancy_Kress	Won	After the Fall, Before the Fall, During the Fall	https://en.wikipedia.org//w/index.php?title=After_the_Fall,_Before_the_Fall,_During_the_Fall&action=edit&redlink=1	Tachyon Publications	https://en.wikipedia.org/wiki/Tachyon_Publications
2013	2013	Bodard, Aliette de	https://en.wikipedia.org/wiki/Aliette_de_Bodard	Nominated	On a Red Station, Drifting		Immersion Press
2013	2013	Lake, Jay	https://en.wikipedia.org/wiki/Jay_Lake	Nominated	"The Stars Do Not Lie"		Asimov's Science Fiction	https://en.wikipedia.org/wiki/Asimov%27s_Science_Fiction
2013	2013	Liu, Ken	https://en.wikipedia.org/wiki/Ken_Liu	Nominated	"All the Flavors"		GigaNotoSaurus
2013	2013	Reed, Robert	https://en.wikipedia.org/wiki/Robert_Reed	Nominated	"Katabasis"		Fantasy & Science Fiction	https://en.wikipedia.org/wiki/The_Magazine_of_Fantasy_%26_Science_Fiction
2013	2013	Schoen, Lawrence M.	https://en.wikipedia.org/wiki/Lawrence_M._Schoen	Nominated	"Barry's Tale"		Buffalito Buffet (Hadley Rille Books)	https://en.wikipedia.org/wiki/Hadley_Rille_Books
2014	2014	Kaftan, Vylar	https://en.wikipedia.org/wiki/Vylar_Kaftan	Won	"The Weight of the Sunrise"	https://en.wikipedia.org//w/index.php?title=The_Weight_of_the_Sunrise&action=edit&redlink=1	Asimov's Science Fiction	https://en.wikipedia.org/wiki/Asimov%27s_Science_Fiction
2014	2014	Duncan, Andy	https://en.wikipedia.org/wiki/Andy_Duncan_(writer)	Nominated	"Wakulla Springs"		Tor.com	https://en.wikipedia.org/wiki/Tor_Books
2014	2014	Klages, Ellen	https://en.wikipedia.org/wiki/Ellen_Klages	Nominated	"Wakulla Springs"	https://en.wikipedia.org//w/index.php?title=The_Weight_of_the_Sunrise&action=edit&redlink=1	Tor.com	https://en.wikipedia.org/wiki/Tor_Books
2014	2014	Kress, Nancy	https://en.wikipedia.org/wiki/Nancy_Kress	Nominated	"Annabel Lee"		New Under the Sun (Phoenix Pick)	https://en.wikipedia.org/wiki/Phoenix_Pick
2014	2014	Schanoes, Veronica		Nominated	"Burning Girls"		Tor.com	https://en.wikipedia.org/wiki/Tor_Books
2014	2014	Schoen, Lawrence M.	https://en.wikipedia.org/wiki/Lawrence_M._Schoen	Nominated	"Trial of the Century"		Lawrencemschoen.com
2014	2014	Valente, Catherynne M.	https://en.wikipedia.org/wiki/Catherynne_M._Valente	Nominated	Six-Gun Snow White		Subterranean Press	https://en.wikipedia.org/wiki/Subterranean_Press
2015	2015	Gregory, Daryl	https://en.wikipedia.org/wiki/Daryl_Gregory	Nominated	We Are All Completely Fine		Tachyon Publications	https://en.wikipedia.org/wiki/Tachyon_Publications
2015	2015	Kress, Nancy	https://en.wikipedia.org/wiki/Nancy_Kress	Nominated	Yesterday's Kin		Tachyon Publications	https://en.wikipedia.org/wiki/Tachyon_Publications
2015	2015	Liu, Ken	https://en.wikipedia.org/wiki/Ken_Liu	Nominated	"The Regular"		Upgraded (Wyrm Publishing)
2015	2015	Rickert, Mary	https://en.wikipedia.org/wiki/M._Rickert	Nominated	"The Mothers of Voorhisville"		Tor.com	https://en.wikipedia.org/wiki/Tor_Books
2015	2015	Schoen, Lawrence M.	https://en.wikipedia.org/wiki/Lawrence_M._Schoen	Nominated	Calendrical Regression		NobleFusion Press
2015	2015	Swirsky, Rachel	https://en.wikipedia.org/wiki/Rachel_Swirsky	Nominated	"Grand Jeté (The Great Leap)"		Subterranean Magazine	https://en.wikipedia.org/wiki/Subterranean_Press
